8/8/2025, 4:34:30 PM GMT+9 [Modules] Modules initializing
8/8/2025, 4:34:30 PM GMT+9 [Modules] Distribution: remote
8/8/2025, 4:34:30 PM GMT+9 [Modules] Host updates: enabled
8/8/2025, 4:34:30 PM GMT+9 [Modules] Module updates: enabled
8/8/2025, 4:34:30 PM GMT+9 [Modules] Module install path: /home/momofu/.config/discord/0.0.104/modules
8/8/2025, 4:34:30 PM GMT+9 [Modules] Module installed file path: /home/momofu/.config/discord/0.0.104/modules/installed.json
8/8/2025, 4:34:30 PM GMT+9 [Modules] Module download path: /home/momofu/.config/discord/0.0.104/modules/pending
8/8/2025, 4:34:30 PM GMT+9 [Modules] Bootstrapping...
8/8/2025, 4:34:30 PM GMT+9 [Modules] Installing discord_desktop_core@0 from /opt/discord/resources/bootstrap/discord_desktop_core.zip
8/8/2025, 4:34:30 PM GMT+9 [Modules] Failed installing discord_desktop_core@0: Error: ENOENT: no such file or directory, open '/opt/discord/resources/bootstrap/discord_desktop_core.zip'
8/8/2025, 4:34:30 PM GMT+9 [Modules] Installing discord_erlpack@0 from /opt/discord/resources/bootstrap/discord_erlpack.zip
8/8/2025, 4:34:30 PM GMT+9 [Modules] Failed installing discord_erlpack@0: Error: ENOENT: no such file or directory, open '/opt/discord/resources/bootstrap/discord_erlpack.zip'
8/8/2025, 4:34:30 PM GMT+9 [Modules] Installing discord_spellcheck@0 from /opt/discord/resources/bootstrap/discord_spellcheck.zip
8/8/2025, 4:34:30 PM GMT+9 [Modules] Failed installing discord_spellcheck@0: Error: ENOENT: no such file or directory, open '/opt/discord/resources/bootstrap/discord_spellcheck.zip'
8/8/2025, 4:34:30 PM GMT+9 [Modules] Installing discord_utils@0 from /opt/discord/resources/bootstrap/discord_utils.zip
8/8/2025, 4:34:30 PM GMT+9 [Modules] Failed installing discord_utils@0: Error: ENOENT: no such file or directory, open '/opt/discord/resources/bootstrap/discord_utils.zip'
8/8/2025, 4:34:30 PM GMT+9 [Modules] Installing discord_voice@0 from /opt/discord/resources/bootstrap/discord_voice.zip
8/8/2025, 4:34:30 PM GMT+9 [Modules] Failed installing discord_voice@0: Error: ENOENT: no such file or directory, open '/opt/discord/resources/bootstrap/discord_voice.zip'
8/8/2025, 4:34:30 PM GMT+9 [Modules] Installing discord_zstd@0 from /opt/discord/resources/bootstrap/discord_zstd.zip
8/8/2025, 4:34:30 PM GMT+9 [Modules] Failed installing discord_zstd@0: Error: ENOENT: no such file or directory, open '/opt/discord/resources/bootstrap/discord_zstd.zip'
8/8/2025, 4:34:30 PM GMT+9 [Modules] Finished module installations. [success: 0] [failure: 6]
8/8/2025, 4:34:30 PM GMT+9 [Modules] Checking for host updates.
8/8/2025, 4:34:31 PM GMT+9 [Modules] Host is up to date.
8/8/2025, 4:34:31 PM GMT+9 [Modules] Checking for module updates at https://discord.com/api/modules/stable/versions.json
8/8/2025, 4:34:31 PM GMT+9 [Modules] Module update available: discord_desktop_core@1 [installed: 0]
8/8/2025, 4:34:31 PM GMT+9 [Modules] Module update available: discord_erlpack@1 [installed: 0]
8/8/2025, 4:34:31 PM GMT+9 [Modules] Module update available: discord_spellcheck@1 [installed: 0]
8/8/2025, 4:34:31 PM GMT+9 [Modules] Module update available: discord_utils@1 [installed: 0]
8/8/2025, 4:34:31 PM GMT+9 [Modules] Module update available: discord_voice@1 [installed: 0]
8/8/2025, 4:34:31 PM GMT+9 [Modules] Module update available: discord_zstd@1 [installed: 0]
8/8/2025, 4:34:31 PM GMT+9 [Modules] Fetching discord_desktop_core@1 from https://discord.com/api/modules/stable/discord_desktop_core/1
8/8/2025, 4:34:31 PM GMT+9 [Modules] Streaming discord_desktop_core@1 to /home/momofu/.config/discord/0.0.104/modules/pending/discord_desktop_core-1.zip
8/8/2025, 4:34:31 PM GMT+9 [Modules] Streaming discord_desktop_core@1 to /home/momofu/.config/discord/0.0.104/modules/pending/discord_desktop_core-1.zip: 1%
8/8/2025, 4:34:31 PM GMT+9 [Modules] Streaming discord_desktop_core@1 to /home/momofu/.config/discord/0.0.104/modules/pending/discord_desktop_core-1.zip: 2%
8/8/2025, 4:34:31 PM GMT+9 [Modules] Streaming discord_desktop_core@1 to /home/momofu/.config/discord/0.0.104/modules/pending/discord_desktop_core-1.zip: 3%
8/8/2025, 4:34:31 PM GMT+9 [Modules] Streaming discord_desktop_core@1 to /home/momofu/.config/discord/0.0.104/modules/pending/discord_desktop_core-1.zip: 4%
8/8/2025, 4:34:31 PM GMT+9 [Modules] Streaming discord_desktop_core@1 to /home/momofu/.config/discord/0.0.104/modules/pending/discord_desktop_core-1.zip: 6%
8/8/2025, 4:34:31 PM GMT+9 [Modules] Streaming discord_desktop_core@1 to /home/momofu/.config/discord/0.0.104/modules/pending/discord_desktop_core-1.zip: 7%
8/8/2025, 4:34:31 PM GMT+9 [Modules] Streaming discord_desktop_core@1 to /home/momofu/.config/discord/0.0.104/modules/pending/discord_desktop_core-1.zip: 8%
8/8/2025, 4:34:31 PM GMT+9 [Modules] Streaming discord_desktop_core@1 to /home/momofu/.config/discord/0.0.104/modules/pending/discord_desktop_core-1.zip: 9%
8/8/2025, 4:34:31 PM GMT+9 [Modules] Streaming discord_desktop_core@1 to /home/momofu/.config/discord/0.0.104/modules/pending/discord_desktop_core-1.zip: 10%
8/8/2025, 4:34:31 PM GMT+9 [Modules] Streaming discord_desktop_core@1 to /home/momofu/.config/discord/0.0.104/modules/pending/discord_desktop_core-1.zip: 11%
8/8/2025, 4:34:31 PM GMT+9 [Modules] Streaming discord_desktop_core@1 to /home/momofu/.config/discord/0.0.104/modules/pending/discord_desktop_core-1.zip: 12%
8/8/2025, 4:34:31 PM GMT+9 [Modules] Streaming discord_desktop_core@1 to /home/momofu/.config/discord/0.0.104/modules/pending/discord_desktop_core-1.zip: 13%
8/8/2025, 4:34:31 PM GMT+9 [Modules] Streaming discord_desktop_core@1 to /home/momofu/.config/discord/0.0.104/modules/pending/discord_desktop_core-1.zip: 14%
8/8/2025, 4:34:31 PM GMT+9 [Modules] Streaming discord_desktop_core@1 to /home/momofu/.config/discord/0.0.104/modules/pending/discord_desktop_core-1.zip: 15%
8/8/2025, 4:34:31 PM GMT+9 [Modules] Streaming discord_desktop_core@1 to /home/momofu/.config/discord/0.0.104/modules/pending/discord_desktop_core-1.zip: 16%
8/8/2025, 4:34:31 PM GMT+9 [Modules] Streaming discord_desktop_core@1 to /home/momofu/.config/discord/0.0.104/modules/pending/discord_desktop_core-1.zip: 17%
8/8/2025, 4:34:31 PM GMT+9 [Modules] Streaming discord_desktop_core@1 to /home/momofu/.config/discord/0.0.104/modules/pending/discord_desktop_core-1.zip: 19%
8/8/2025, 4:34:31 PM GMT+9 [Modules] Streaming discord_desktop_core@1 to /home/momofu/.config/discord/0.0.104/modules/pending/discord_desktop_core-1.zip: 21%
8/8/2025, 4:34:31 PM GMT+9 [Modules] Streaming discord_desktop_core@1 to /home/momofu/.config/discord/0.0.104/modules/pending/discord_desktop_core-1.zip: 23%
8/8/2025, 4:34:31 PM GMT+9 [Modules] Streaming discord_desktop_core@1 to /home/momofu/.config/discord/0.0.104/modules/pending/discord_desktop_core-1.zip: 24%
8/8/2025, 4:34:31 PM GMT+9 [Modules] Streaming discord_desktop_core@1 to /home/momofu/.config/discord/0.0.104/modules/pending/discord_desktop_core-1.zip: 25%
8/8/2025, 4:34:31 PM GMT+9 [Modules] Streaming discord_desktop_core@1 to /home/momofu/.config/discord/0.0.104/modules/pending/discord_desktop_core-1.zip: 26%
8/8/2025, 4:34:31 PM GMT+9 [Modules] Streaming discord_desktop_core@1 to /home/momofu/.config/discord/0.0.104/modules/pending/discord_desktop_core-1.zip: 27%
8/8/2025, 4:34:31 PM GMT+9 [Modules] Streaming discord_desktop_core@1 to /home/momofu/.config/discord/0.0.104/modules/pending/discord_desktop_core-1.zip: 28%
8/8/2025, 4:34:31 PM GMT+9 [Modules] Streaming discord_desktop_core@1 to /home/momofu/.config/discord/0.0.104/modules/pending/discord_desktop_core-1.zip: 29%
8/8/2025, 4:34:31 PM GMT+9 [Modules] Streaming discord_desktop_core@1 to /home/momofu/.config/discord/0.0.104/modules/pending/discord_desktop_core-1.zip: 30%
8/8/2025, 4:34:31 PM GMT+9 [Modules] Streaming discord_desktop_core@1 to /home/momofu/.config/discord/0.0.104/modules/pending/discord_desktop_core-1.zip: 31%
8/8/2025, 4:34:31 PM GMT+9 [Modules] Streaming discord_desktop_core@1 to /home/momofu/.config/discord/0.0.104/modules/pending/discord_desktop_core-1.zip: 32%
8/8/2025, 4:34:31 PM GMT+9 [Modules] Streaming discord_desktop_core@1 to /home/momofu/.config/discord/0.0.104/modules/pending/discord_desktop_core-1.zip: 33%
8/8/2025, 4:34:31 PM GMT+9 [Modules] Streaming discord_desktop_core@1 to /home/momofu/.config/discord/0.0.104/modules/pending/discord_desktop_core-1.zip: 34%
8/8/2025, 4:34:31 PM GMT+9 [Modules] Streaming discord_desktop_core@1 to /home/momofu/.config/discord/0.0.104/modules/pending/discord_desktop_core-1.zip: 35%
8/8/2025, 4:34:31 PM GMT+9 [Modules] Streaming discord_desktop_core@1 to /home/momofu/.config/discord/0.0.104/modules/pending/discord_desktop_core-1.zip: 36%
8/8/2025, 4:34:31 PM GMT+9 [Modules] Streaming discord_desktop_core@1 to /home/momofu/.config/discord/0.0.104/modules/pending/discord_desktop_core-1.zip: 37%
8/8/2025, 4:34:31 PM GMT+9 [Modules] Streaming discord_desktop_core@1 to /home/momofu/.config/discord/0.0.104/modules/pending/discord_desktop_core-1.zip: 38%
8/8/2025, 4:34:31 PM GMT+9 [Modules] Streaming discord_desktop_core@1 to /home/momofu/.config/discord/0.0.104/modules/pending/discord_desktop_core-1.zip: 39%
8/8/2025, 4:34:31 PM GMT+9 [Modules] Streaming discord_desktop_core@1 to /home/momofu/.config/discord/0.0.104/modules/pending/discord_desktop_core-1.zip: 40%
8/8/2025, 4:34:31 PM GMT+9 [Modules] Streaming discord_desktop_core@1 to /home/momofu/.config/discord/0.0.104/modules/pending/discord_desktop_core-1.zip: 42%
8/8/2025, 4:34:31 PM GMT+9 [Modules] Streaming discord_desktop_core@1 to /home/momofu/.config/discord/0.0.104/modules/pending/discord_desktop_core-1.zip: 43%
8/8/2025, 4:34:31 PM GMT+9 [Modules] Streaming discord_desktop_core@1 to /home/momofu/.config/discord/0.0.104/modules/pending/discord_desktop_core-1.zip: 44%
8/8/2025, 4:34:32 PM GMT+9 [Modules] Streaming discord_desktop_core@1 to /home/momofu/.config/discord/0.0.104/modules/pending/discord_desktop_core-1.zip: 45%
8/8/2025, 4:34:32 PM GMT+9 [Modules] Streaming discord_desktop_core@1 to /home/momofu/.config/discord/0.0.104/modules/pending/discord_desktop_core-1.zip: 46%
8/8/2025, 4:34:32 PM GMT+9 [Modules] Streaming discord_desktop_core@1 to /home/momofu/.config/discord/0.0.104/modules/pending/discord_desktop_core-1.zip: 47%
8/8/2025, 4:34:32 PM GMT+9 [Modules] Streaming discord_desktop_core@1 to /home/momofu/.config/discord/0.0.104/modules/pending/discord_desktop_core-1.zip: 48%
8/8/2025, 4:34:32 PM GMT+9 [Modules] Streaming discord_desktop_core@1 to /home/momofu/.config/discord/0.0.104/modules/pending/discord_desktop_core-1.zip: 49%
8/8/2025, 4:34:32 PM GMT+9 [Modules] Streaming discord_desktop_core@1 to /home/momofu/.config/discord/0.0.104/modules/pending/discord_desktop_core-1.zip: 50%
8/8/2025, 4:34:32 PM GMT+9 [Modules] Streaming discord_desktop_core@1 to /home/momofu/.config/discord/0.0.104/modules/pending/discord_desktop_core-1.zip: 51%
8/8/2025, 4:34:32 PM GMT+9 [Modules] Streaming discord_desktop_core@1 to /home/momofu/.config/discord/0.0.104/modules/pending/discord_desktop_core-1.zip: 52%
8/8/2025, 4:34:32 PM GMT+9 [Modules] Streaming discord_desktop_core@1 to /home/momofu/.config/discord/0.0.104/modules/pending/discord_desktop_core-1.zip: 53%
8/8/2025, 4:34:32 PM GMT+9 [Modules] Streaming discord_desktop_core@1 to /home/momofu/.config/discord/0.0.104/modules/pending/discord_desktop_core-1.zip: 54%
8/8/2025, 4:34:32 PM GMT+9 [Modules] Streaming discord_desktop_core@1 to /home/momofu/.config/discord/0.0.104/modules/pending/discord_desktop_core-1.zip: 55%
8/8/2025, 4:34:32 PM GMT+9 [Modules] Streaming discord_desktop_core@1 to /home/momofu/.config/discord/0.0.104/modules/pending/discord_desktop_core-1.zip: 56%
8/8/2025, 4:34:32 PM GMT+9 [Modules] Streaming discord_desktop_core@1 to /home/momofu/.config/discord/0.0.104/modules/pending/discord_desktop_core-1.zip: 57%
8/8/2025, 4:34:32 PM GMT+9 [Modules] Streaming discord_desktop_core@1 to /home/momofu/.config/discord/0.0.104/modules/pending/discord_desktop_core-1.zip: 58%
8/8/2025, 4:34:32 PM GMT+9 [Modules] Streaming discord_desktop_core@1 to /home/momofu/.config/discord/0.0.104/modules/pending/discord_desktop_core-1.zip: 59%
8/8/2025, 4:34:32 PM GMT+9 [Modules] Streaming discord_desktop_core@1 to /home/momofu/.config/discord/0.0.104/modules/pending/discord_desktop_core-1.zip: 60%
8/8/2025, 4:34:32 PM GMT+9 [Modules] Streaming discord_desktop_core@1 to /home/momofu/.config/discord/0.0.104/modules/pending/discord_desktop_core-1.zip: 61%
8/8/2025, 4:34:32 PM GMT+9 [Modules] Streaming discord_desktop_core@1 to /home/momofu/.config/discord/0.0.104/modules/pending/discord_desktop_core-1.zip: 62%
8/8/2025, 4:34:32 PM GMT+9 [Modules] Streaming discord_desktop_core@1 to /home/momofu/.config/discord/0.0.104/modules/pending/discord_desktop_core-1.zip: 63%
8/8/2025, 4:34:32 PM GMT+9 [Modules] Streaming discord_desktop_core@1 to /home/momofu/.config/discord/0.0.104/modules/pending/discord_desktop_core-1.zip: 64%
8/8/2025, 4:34:32 PM GMT+9 [Modules] Streaming discord_desktop_core@1 to /home/momofu/.config/discord/0.0.104/modules/pending/discord_desktop_core-1.zip: 65%
8/8/2025, 4:34:32 PM GMT+9 [Modules] Streaming discord_desktop_core@1 to /home/momofu/.config/discord/0.0.104/modules/pending/discord_desktop_core-1.zip: 66%
8/8/2025, 4:34:32 PM GMT+9 [Modules] Streaming discord_desktop_core@1 to /home/momofu/.config/discord/0.0.104/modules/pending/discord_desktop_core-1.zip: 67%
8/8/2025, 4:34:32 PM GMT+9 [Modules] Streaming discord_desktop_core@1 to /home/momofu/.config/discord/0.0.104/modules/pending/discord_desktop_core-1.zip: 68%
8/8/2025, 4:34:32 PM GMT+9 [Modules] Streaming discord_desktop_core@1 to /home/momofu/.config/discord/0.0.104/modules/pending/discord_desktop_core-1.zip: 69%
8/8/2025, 4:34:32 PM GMT+9 [Modules] Streaming discord_desktop_core@1 to /home/momofu/.config/discord/0.0.104/modules/pending/discord_desktop_core-1.zip: 70%
8/8/2025, 4:34:32 PM GMT+9 [Modules] Streaming discord_desktop_core@1 to /home/momofu/.config/discord/0.0.104/modules/pending/discord_desktop_core-1.zip: 71%
8/8/2025, 4:34:32 PM GMT+9 [Modules] Streaming discord_desktop_core@1 to /home/momofu/.config/discord/0.0.104/modules/pending/discord_desktop_core-1.zip: 72%
8/8/2025, 4:34:32 PM GMT+9 [Modules] Streaming discord_desktop_core@1 to /home/momofu/.config/discord/0.0.104/modules/pending/discord_desktop_core-1.zip: 73%
8/8/2025, 4:34:32 PM GMT+9 [Modules] Streaming discord_desktop_core@1 to /home/momofu/.config/discord/0.0.104/modules/pending/discord_desktop_core-1.zip: 74%
8/8/2025, 4:34:32 PM GMT+9 [Modules] Streaming discord_desktop_core@1 to /home/momofu/.config/discord/0.0.104/modules/pending/discord_desktop_core-1.zip: 75%
8/8/2025, 4:34:32 PM GMT+9 [Modules] Streaming discord_desktop_core@1 to /home/momofu/.config/discord/0.0.104/modules/pending/discord_desktop_core-1.zip: 76%
8/8/2025, 4:34:32 PM GMT+9 [Modules] Streaming discord_desktop_core@1 to /home/momofu/.config/discord/0.0.104/modules/pending/discord_desktop_core-1.zip: 77%
8/8/2025, 4:34:32 PM GMT+9 [Modules] Streaming discord_desktop_core@1 to /home/momofu/.config/discord/0.0.104/modules/pending/discord_desktop_core-1.zip: 78%
8/8/2025, 4:34:32 PM GMT+9 [Modules] Streaming discord_desktop_core@1 to /home/momofu/.config/discord/0.0.104/modules/pending/discord_desktop_core-1.zip: 79%
8/8/2025, 4:34:32 PM GMT+9 [Modules] Streaming discord_desktop_core@1 to /home/momofu/.config/discord/0.0.104/modules/pending/discord_desktop_core-1.zip: 80%
8/8/2025, 4:34:32 PM GMT+9 [Modules] Streaming discord_desktop_core@1 to /home/momofu/.config/discord/0.0.104/modules/pending/discord_desktop_core-1.zip: 81%
8/8/2025, 4:34:32 PM GMT+9 [Modules] Streaming discord_desktop_core@1 to /home/momofu/.config/discord/0.0.104/modules/pending/discord_desktop_core-1.zip: 82%
8/8/2025, 4:34:32 PM GMT+9 [Modules] Streaming discord_desktop_core@1 to /home/momofu/.config/discord/0.0.104/modules/pending/discord_desktop_core-1.zip: 83%
8/8/2025, 4:34:32 PM GMT+9 [Modules] Streaming discord_desktop_core@1 to /home/momofu/.config/discord/0.0.104/modules/pending/discord_desktop_core-1.zip: 84%
8/8/2025, 4:34:32 PM GMT+9 [Modules] Streaming discord_desktop_core@1 to /home/momofu/.config/discord/0.0.104/modules/pending/discord_desktop_core-1.zip: 85%
8/8/2025, 4:34:32 PM GMT+9 [Modules] Streaming discord_desktop_core@1 to /home/momofu/.config/discord/0.0.104/modules/pending/discord_desktop_core-1.zip: 86%
8/8/2025, 4:34:32 PM GMT+9 [Modules] Streaming discord_desktop_core@1 to /home/momofu/.config/discord/0.0.104/modules/pending/discord_desktop_core-1.zip: 87%
8/8/2025, 4:34:32 PM GMT+9 [Modules] Streaming discord_desktop_core@1 to /home/momofu/.config/discord/0.0.104/modules/pending/discord_desktop_core-1.zip: 88%
8/8/2025, 4:34:32 PM GMT+9 [Modules] Streaming discord_desktop_core@1 to /home/momofu/.config/discord/0.0.104/modules/pending/discord_desktop_core-1.zip: 89%
8/8/2025, 4:34:32 PM GMT+9 [Modules] Streaming discord_desktop_core@1 to /home/momofu/.config/discord/0.0.104/modules/pending/discord_desktop_core-1.zip: 90%
8/8/2025, 4:34:32 PM GMT+9 [Modules] Streaming discord_desktop_core@1 to /home/momofu/.config/discord/0.0.104/modules/pending/discord_desktop_core-1.zip: 91%
8/8/2025, 4:34:32 PM GMT+9 [Modules] Streaming discord_desktop_core@1 to /home/momofu/.config/discord/0.0.104/modules/pending/discord_desktop_core-1.zip: 92%
8/8/2025, 4:34:32 PM GMT+9 [Modules] Streaming discord_desktop_core@1 to /home/momofu/.config/discord/0.0.104/modules/pending/discord_desktop_core-1.zip: 93%
8/8/2025, 4:34:32 PM GMT+9 [Modules] Streaming discord_desktop_core@1 to /home/momofu/.config/discord/0.0.104/modules/pending/discord_desktop_core-1.zip: 94%
8/8/2025, 4:34:32 PM GMT+9 [Modules] Streaming discord_desktop_core@1 to /home/momofu/.config/discord/0.0.104/modules/pending/discord_desktop_core-1.zip: 95%
8/8/2025, 4:34:32 PM GMT+9 [Modules] Streaming discord_desktop_core@1 to /home/momofu/.config/discord/0.0.104/modules/pending/discord_desktop_core-1.zip: 96%
8/8/2025, 4:34:32 PM GMT+9 [Modules] Streaming discord_desktop_core@1 to /home/momofu/.config/discord/0.0.104/modules/pending/discord_desktop_core-1.zip: 97%
8/8/2025, 4:34:32 PM GMT+9 [Modules] Streaming discord_desktop_core@1 to /home/momofu/.config/discord/0.0.104/modules/pending/discord_desktop_core-1.zip: 98%
8/8/2025, 4:34:32 PM GMT+9 [Modules] Streaming discord_desktop_core@1 to /home/momofu/.config/discord/0.0.104/modules/pending/discord_desktop_core-1.zip: 99%
8/8/2025, 4:34:33 PM GMT+9 [Modules] Streaming discord_desktop_core@1 to /home/momofu/.config/discord/0.0.104/modules/pending/discord_desktop_core-1.zip: 100%
8/8/2025, 4:34:33 PM GMT+9 [Modules] Fetching discord_erlpack@1 from https://discord.com/api/modules/stable/discord_erlpack/1
8/8/2025, 4:34:33 PM GMT+9 [Modules] Streaming discord_erlpack@1 to /home/momofu/.config/discord/0.0.104/modules/pending/discord_erlpack-1.zip
8/8/2025, 4:34:33 PM GMT+9 [Modules] Streaming discord_erlpack@1 to /home/momofu/.config/discord/0.0.104/modules/pending/discord_erlpack-1.zip: 1%
8/8/2025, 4:34:33 PM GMT+9 [Modules] Streaming discord_erlpack@1 to /home/momofu/.config/discord/0.0.104/modules/pending/discord_erlpack-1.zip: 2%
8/8/2025, 4:34:33 PM GMT+9 [Modules] Streaming discord_erlpack@1 to /home/momofu/.config/discord/0.0.104/modules/pending/discord_erlpack-1.zip: 3%
8/8/2025, 4:34:33 PM GMT+9 [Modules] Streaming discord_erlpack@1 to /home/momofu/.config/discord/0.0.104/modules/pending/discord_erlpack-1.zip: 4%
8/8/2025, 4:34:33 PM GMT+9 [Modules] Streaming discord_erlpack@1 to /home/momofu/.config/discord/0.0.104/modules/pending/discord_erlpack-1.zip: 5%
8/8/2025, 4:34:33 PM GMT+9 [Modules] Streaming discord_erlpack@1 to /home/momofu/.config/discord/0.0.104/modules/pending/discord_erlpack-1.zip: 6%
8/8/2025, 4:34:33 PM GMT+9 [Modules] Streaming discord_erlpack@1 to /home/momofu/.config/discord/0.0.104/modules/pending/discord_erlpack-1.zip: 7%
8/8/2025, 4:34:33 PM GMT+9 [Modules] Streaming discord_erlpack@1 to /home/momofu/.config/discord/0.0.104/modules/pending/discord_erlpack-1.zip: 8%
8/8/2025, 4:34:33 PM GMT+9 [Modules] Streaming discord_erlpack@1 to /home/momofu/.config/discord/0.0.104/modules/pending/discord_erlpack-1.zip: 9%
8/8/2025, 4:34:33 PM GMT+9 [Modules] Streaming discord_erlpack@1 to /home/momofu/.config/discord/0.0.104/modules/pending/discord_erlpack-1.zip: 10%
8/8/2025, 4:34:33 PM GMT+9 [Modules] Streaming discord_erlpack@1 to /home/momofu/.config/discord/0.0.104/modules/pending/discord_erlpack-1.zip: 11%
8/8/2025, 4:34:33 PM GMT+9 [Modules] Streaming discord_erlpack@1 to /home/momofu/.config/discord/0.0.104/modules/pending/discord_erlpack-1.zip: 12%
8/8/2025, 4:34:33 PM GMT+9 [Modules] Streaming discord_erlpack@1 to /home/momofu/.config/discord/0.0.104/modules/pending/discord_erlpack-1.zip: 13%
8/8/2025, 4:34:33 PM GMT+9 [Modules] Streaming discord_erlpack@1 to /home/momofu/.config/discord/0.0.104/modules/pending/discord_erlpack-1.zip: 14%
8/8/2025, 4:34:33 PM GMT+9 [Modules] Streaming discord_erlpack@1 to /home/momofu/.config/discord/0.0.104/modules/pending/discord_erlpack-1.zip: 15%
8/8/2025, 4:34:33 PM GMT+9 [Modules] Streaming discord_erlpack@1 to /home/momofu/.config/discord/0.0.104/modules/pending/discord_erlpack-1.zip: 16%
8/8/2025, 4:34:33 PM GMT+9 [Modules] Streaming discord_erlpack@1 to /home/momofu/.config/discord/0.0.104/modules/pending/discord_erlpack-1.zip: 17%
8/8/2025, 4:34:33 PM GMT+9 [Modules] Streaming discord_erlpack@1 to /home/momofu/.config/discord/0.0.104/modules/pending/discord_erlpack-1.zip: 18%
8/8/2025, 4:34:33 PM GMT+9 [Modules] Streaming discord_erlpack@1 to /home/momofu/.config/discord/0.0.104/modules/pending/discord_erlpack-1.zip: 19%
8/8/2025, 4:34:33 PM GMT+9 [Modules] Streaming discord_erlpack@1 to /home/momofu/.config/discord/0.0.104/modules/pending/discord_erlpack-1.zip: 20%
8/8/2025, 4:34:33 PM GMT+9 [Modules] Streaming discord_erlpack@1 to /home/momofu/.config/discord/0.0.104/modules/pending/discord_erlpack-1.zip: 21%
8/8/2025, 4:34:33 PM GMT+9 [Modules] Streaming discord_erlpack@1 to /home/momofu/.config/discord/0.0.104/modules/pending/discord_erlpack-1.zip: 22%
8/8/2025, 4:34:33 PM GMT+9 [Modules] Streaming discord_erlpack@1 to /home/momofu/.config/discord/0.0.104/modules/pending/discord_erlpack-1.zip: 23%
8/8/2025, 4:34:33 PM GMT+9 [Modules] Streaming discord_erlpack@1 to /home/momofu/.config/discord/0.0.104/modules/pending/discord_erlpack-1.zip: 24%
8/8/2025, 4:34:33 PM GMT+9 [Modules] Streaming discord_erlpack@1 to /home/momofu/.config/discord/0.0.104/modules/pending/discord_erlpack-1.zip: 25%
8/8/2025, 4:34:33 PM GMT+9 [Modules] Streaming discord_erlpack@1 to /home/momofu/.config/discord/0.0.104/modules/pending/discord_erlpack-1.zip: 26%
8/8/2025, 4:34:33 PM GMT+9 [Modules] Streaming discord_erlpack@1 to /home/momofu/.config/discord/0.0.104/modules/pending/discord_erlpack-1.zip: 27%
8/8/2025, 4:34:33 PM GMT+9 [Modules] Streaming discord_erlpack@1 to /home/momofu/.config/discord/0.0.104/modules/pending/discord_erlpack-1.zip: 28%
8/8/2025, 4:34:33 PM GMT+9 [Modules] Streaming discord_erlpack@1 to /home/momofu/.config/discord/0.0.104/modules/pending/discord_erlpack-1.zip: 29%
8/8/2025, 4:34:33 PM GMT+9 [Modules] Streaming discord_erlpack@1 to /home/momofu/.config/discord/0.0.104/modules/pending/discord_erlpack-1.zip: 30%
8/8/2025, 4:34:33 PM GMT+9 [Modules] Streaming discord_erlpack@1 to /home/momofu/.config/discord/0.0.104/modules/pending/discord_erlpack-1.zip: 32%
8/8/2025, 4:34:33 PM GMT+9 [Modules] Streaming discord_erlpack@1 to /home/momofu/.config/discord/0.0.104/modules/pending/discord_erlpack-1.zip: 33%
8/8/2025, 4:34:33 PM GMT+9 [Modules] Streaming discord_erlpack@1 to /home/momofu/.config/discord/0.0.104/modules/pending/discord_erlpack-1.zip: 34%
8/8/2025, 4:34:33 PM GMT+9 [Modules] Streaming discord_erlpack@1 to /home/momofu/.config/discord/0.0.104/modules/pending/discord_erlpack-1.zip: 35%
8/8/2025, 4:34:33 PM GMT+9 [Modules] Streaming discord_erlpack@1 to /home/momofu/.config/discord/0.0.104/modules/pending/discord_erlpack-1.zip: 36%
8/8/2025, 4:34:33 PM GMT+9 [Modules] Streaming discord_erlpack@1 to /home/momofu/.config/discord/0.0.104/modules/pending/discord_erlpack-1.zip: 37%
8/8/2025, 4:34:33 PM GMT+9 [Modules] Streaming discord_erlpack@1 to /home/momofu/.config/discord/0.0.104/modules/pending/discord_erlpack-1.zip: 38%
8/8/2025, 4:34:33 PM GMT+9 [Modules] Streaming discord_erlpack@1 to /home/momofu/.config/discord/0.0.104/modules/pending/discord_erlpack-1.zip: 39%
8/8/2025, 4:34:33 PM GMT+9 [Modules] Streaming discord_erlpack@1 to /home/momofu/.config/discord/0.0.104/modules/pending/discord_erlpack-1.zip: 40%
8/8/2025, 4:34:33 PM GMT+9 [Modules] Streaming discord_erlpack@1 to /home/momofu/.config/discord/0.0.104/modules/pending/discord_erlpack-1.zip: 41%
8/8/2025, 4:34:34 PM GMT+9 [Modules] Streaming discord_erlpack@1 to /home/momofu/.config/discord/0.0.104/modules/pending/discord_erlpack-1.zip: 42%
8/8/2025, 4:34:34 PM GMT+9 [Modules] Streaming discord_erlpack@1 to /home/momofu/.config/discord/0.0.104/modules/pending/discord_erlpack-1.zip: 43%
8/8/2025, 4:34:34 PM GMT+9 [Modules] Streaming discord_erlpack@1 to /home/momofu/.config/discord/0.0.104/modules/pending/discord_erlpack-1.zip: 44%
8/8/2025, 4:34:34 PM GMT+9 [Modules] Streaming discord_erlpack@1 to /home/momofu/.config/discord/0.0.104/modules/pending/discord_erlpack-1.zip: 45%
8/8/2025, 4:34:34 PM GMT+9 [Modules] Streaming discord_erlpack@1 to /home/momofu/.config/discord/0.0.104/modules/pending/discord_erlpack-1.zip: 46%
8/8/2025, 4:34:34 PM GMT+9 [Modules] Streaming discord_erlpack@1 to /home/momofu/.config/discord/0.0.104/modules/pending/discord_erlpack-1.zip: 48%
8/8/2025, 4:34:34 PM GMT+9 [Modules] Streaming discord_erlpack@1 to /home/momofu/.config/discord/0.0.104/modules/pending/discord_erlpack-1.zip: 49%
8/8/2025, 4:34:34 PM GMT+9 [Modules] Streaming discord_erlpack@1 to /home/momofu/.config/discord/0.0.104/modules/pending/discord_erlpack-1.zip: 50%
8/8/2025, 4:34:34 PM GMT+9 [Modules] Streaming discord_erlpack@1 to /home/momofu/.config/discord/0.0.104/modules/pending/discord_erlpack-1.zip: 52%
8/8/2025, 4:34:34 PM GMT+9 [Modules] Streaming discord_erlpack@1 to /home/momofu/.config/discord/0.0.104/modules/pending/discord_erlpack-1.zip: 53%
8/8/2025, 4:34:34 PM GMT+9 [Modules] Streaming discord_erlpack@1 to /home/momofu/.config/discord/0.0.104/modules/pending/discord_erlpack-1.zip: 54%
8/8/2025, 4:34:34 PM GMT+9 [Modules] Streaming discord_erlpack@1 to /home/momofu/.config/discord/0.0.104/modules/pending/discord_erlpack-1.zip: 55%
8/8/2025, 4:34:34 PM GMT+9 [Modules] Streaming discord_erlpack@1 to /home/momofu/.config/discord/0.0.104/modules/pending/discord_erlpack-1.zip: 56%
8/8/2025, 4:34:34 PM GMT+9 [Modules] Streaming discord_erlpack@1 to /home/momofu/.config/discord/0.0.104/modules/pending/discord_erlpack-1.zip: 57%
8/8/2025, 4:34:34 PM GMT+9 [Modules] Streaming discord_erlpack@1 to /home/momofu/.config/discord/0.0.104/modules/pending/discord_erlpack-1.zip: 58%
8/8/2025, 4:34:34 PM GMT+9 [Modules] Streaming discord_erlpack@1 to /home/momofu/.config/discord/0.0.104/modules/pending/discord_erlpack-1.zip: 59%
8/8/2025, 4:34:34 PM GMT+9 [Modules] Streaming discord_erlpack@1 to /home/momofu/.config/discord/0.0.104/modules/pending/discord_erlpack-1.zip: 60%
8/8/2025, 4:34:34 PM GMT+9 [Modules] Streaming discord_erlpack@1 to /home/momofu/.config/discord/0.0.104/modules/pending/discord_erlpack-1.zip: 61%
8/8/2025, 4:34:34 PM GMT+9 [Modules] Streaming discord_erlpack@1 to /home/momofu/.config/discord/0.0.104/modules/pending/discord_erlpack-1.zip: 62%
8/8/2025, 4:34:34 PM GMT+9 [Modules] Streaming discord_erlpack@1 to /home/momofu/.config/discord/0.0.104/modules/pending/discord_erlpack-1.zip: 63%
8/8/2025, 4:34:34 PM GMT+9 [Modules] Streaming discord_erlpack@1 to /home/momofu/.config/discord/0.0.104/modules/pending/discord_erlpack-1.zip: 64%
8/8/2025, 4:34:34 PM GMT+9 [Modules] Streaming discord_erlpack@1 to /home/momofu/.config/discord/0.0.104/modules/pending/discord_erlpack-1.zip: 66%
8/8/2025, 4:34:34 PM GMT+9 [Modules] Streaming discord_erlpack@1 to /home/momofu/.config/discord/0.0.104/modules/pending/discord_erlpack-1.zip: 67%
8/8/2025, 4:34:34 PM GMT+9 [Modules] Streaming discord_erlpack@1 to /home/momofu/.config/discord/0.0.104/modules/pending/discord_erlpack-1.zip: 68%
8/8/2025, 4:34:34 PM GMT+9 [Modules] Streaming discord_erlpack@1 to /home/momofu/.config/discord/0.0.104/modules/pending/discord_erlpack-1.zip: 69%
8/8/2025, 4:34:34 PM GMT+9 [Modules] Streaming discord_erlpack@1 to /home/momofu/.config/discord/0.0.104/modules/pending/discord_erlpack-1.zip: 70%
8/8/2025, 4:34:34 PM GMT+9 [Modules] Streaming discord_erlpack@1 to /home/momofu/.config/discord/0.0.104/modules/pending/discord_erlpack-1.zip: 71%
8/8/2025, 4:34:34 PM GMT+9 [Modules] Streaming discord_erlpack@1 to /home/momofu/.config/discord/0.0.104/modules/pending/discord_erlpack-1.zip: 72%
8/8/2025, 4:34:34 PM GMT+9 [Modules] Streaming discord_erlpack@1 to /home/momofu/.config/discord/0.0.104/modules/pending/discord_erlpack-1.zip: 73%
8/8/2025, 4:34:34 PM GMT+9 [Modules] Streaming discord_erlpack@1 to /home/momofu/.config/discord/0.0.104/modules/pending/discord_erlpack-1.zip: 74%
8/8/2025, 4:34:34 PM GMT+9 [Modules] Streaming discord_erlpack@1 to /home/momofu/.config/discord/0.0.104/modules/pending/discord_erlpack-1.zip: 75%
8/8/2025, 4:34:34 PM GMT+9 [Modules] Streaming discord_erlpack@1 to /home/momofu/.config/discord/0.0.104/modules/pending/discord_erlpack-1.zip: 76%
8/8/2025, 4:34:34 PM GMT+9 [Modules] Streaming discord_erlpack@1 to /home/momofu/.config/discord/0.0.104/modules/pending/discord_erlpack-1.zip: 77%
8/8/2025, 4:34:34 PM GMT+9 [Modules] Streaming discord_erlpack@1 to /home/momofu/.config/discord/0.0.104/modules/pending/discord_erlpack-1.zip: 78%
8/8/2025, 4:34:34 PM GMT+9 [Modules] Streaming discord_erlpack@1 to /home/momofu/.config/discord/0.0.104/modules/pending/discord_erlpack-1.zip: 79%
8/8/2025, 4:34:34 PM GMT+9 [Modules] Streaming discord_erlpack@1 to /home/momofu/.config/discord/0.0.104/modules/pending/discord_erlpack-1.zip: 80%
8/8/2025, 4:34:34 PM GMT+9 [Modules] Streaming discord_erlpack@1 to /home/momofu/.config/discord/0.0.104/modules/pending/discord_erlpack-1.zip: 81%
8/8/2025, 4:34:34 PM GMT+9 [Modules] Streaming discord_erlpack@1 to /home/momofu/.config/discord/0.0.104/modules/pending/discord_erlpack-1.zip: 82%
8/8/2025, 4:34:34 PM GMT+9 [Modules] Streaming discord_erlpack@1 to /home/momofu/.config/discord/0.0.104/modules/pending/discord_erlpack-1.zip: 84%
8/8/2025, 4:34:34 PM GMT+9 [Modules] Streaming discord_erlpack@1 to /home/momofu/.config/discord/0.0.104/modules/pending/discord_erlpack-1.zip: 85%
8/8/2025, 4:34:34 PM GMT+9 [Modules] Streaming discord_erlpack@1 to /home/momofu/.config/discord/0.0.104/modules/pending/discord_erlpack-1.zip: 88%
8/8/2025, 4:34:34 PM GMT+9 [Modules] Streaming discord_erlpack@1 to /home/momofu/.config/discord/0.0.104/modules/pending/discord_erlpack-1.zip: 89%
8/8/2025, 4:34:34 PM GMT+9 [Modules] Streaming discord_erlpack@1 to /home/momofu/.config/discord/0.0.104/modules/pending/discord_erlpack-1.zip: 90%
8/8/2025, 4:34:34 PM GMT+9 [Modules] Streaming discord_erlpack@1 to /home/momofu/.config/discord/0.0.104/modules/pending/discord_erlpack-1.zip: 91%
8/8/2025, 4:34:34 PM GMT+9 [Modules] Streaming discord_erlpack@1 to /home/momofu/.config/discord/0.0.104/modules/pending/discord_erlpack-1.zip: 92%
8/8/2025, 4:34:34 PM GMT+9 [Modules] Streaming discord_erlpack@1 to /home/momofu/.config/discord/0.0.104/modules/pending/discord_erlpack-1.zip: 93%
8/8/2025, 4:34:34 PM GMT+9 [Modules] Streaming discord_erlpack@1 to /home/momofu/.config/discord/0.0.104/modules/pending/discord_erlpack-1.zip: 94%
8/8/2025, 4:34:34 PM GMT+9 [Modules] Streaming discord_erlpack@1 to /home/momofu/.config/discord/0.0.104/modules/pending/discord_erlpack-1.zip: 95%
8/8/2025, 4:34:34 PM GMT+9 [Modules] Streaming discord_erlpack@1 to /home/momofu/.config/discord/0.0.104/modules/pending/discord_erlpack-1.zip: 96%
8/8/2025, 4:34:34 PM GMT+9 [Modules] Streaming discord_erlpack@1 to /home/momofu/.config/discord/0.0.104/modules/pending/discord_erlpack-1.zip: 99%
8/8/2025, 4:34:34 PM GMT+9 [Modules] Streaming discord_erlpack@1 to /home/momofu/.config/discord/0.0.104/modules/pending/discord_erlpack-1.zip: 100%
8/8/2025, 4:34:34 PM GMT+9 [Modules] Fetching discord_spellcheck@1 from https://discord.com/api/modules/stable/discord_spellcheck/1
8/8/2025, 4:34:34 PM GMT+9 [Modules] Streaming discord_spellcheck@1 to /home/momofu/.config/discord/0.0.104/modules/pending/discord_spellcheck-1.zip
8/8/2025, 4:34:34 PM GMT+9 [Modules] Streaming discord_spellcheck@1 to /home/momofu/.config/discord/0.0.104/modules/pending/discord_spellcheck-1.zip: 1%
8/8/2025, 4:34:34 PM GMT+9 [Modules] Streaming discord_spellcheck@1 to /home/momofu/.config/discord/0.0.104/modules/pending/discord_spellcheck-1.zip: 2%
8/8/2025, 4:34:35 PM GMT+9 [Modules] Streaming discord_spellcheck@1 to /home/momofu/.config/discord/0.0.104/modules/pending/discord_spellcheck-1.zip: 3%
8/8/2025, 4:34:35 PM GMT+9 [Modules] Streaming discord_spellcheck@1 to /home/momofu/.config/discord/0.0.104/modules/pending/discord_spellcheck-1.zip: 4%
8/8/2025, 4:34:35 PM GMT+9 [Modules] Streaming discord_spellcheck@1 to /home/momofu/.config/discord/0.0.104/modules/pending/discord_spellcheck-1.zip: 5%
8/8/2025, 4:34:35 PM GMT+9 [Modules] Streaming discord_spellcheck@1 to /home/momofu/.config/discord/0.0.104/modules/pending/discord_spellcheck-1.zip: 6%
8/8/2025, 4:34:35 PM GMT+9 [Modules] Streaming discord_spellcheck@1 to /home/momofu/.config/discord/0.0.104/modules/pending/discord_spellcheck-1.zip: 7%
8/8/2025, 4:34:35 PM GMT+9 [Modules] Streaming discord_spellcheck@1 to /home/momofu/.config/discord/0.0.104/modules/pending/discord_spellcheck-1.zip: 8%
8/8/2025, 4:34:35 PM GMT+9 [Modules] Streaming discord_spellcheck@1 to /home/momofu/.config/discord/0.0.104/modules/pending/discord_spellcheck-1.zip: 9%
8/8/2025, 4:34:35 PM GMT+9 [Modules] Streaming discord_spellcheck@1 to /home/momofu/.config/discord/0.0.104/modules/pending/discord_spellcheck-1.zip: 10%
8/8/2025, 4:34:35 PM GMT+9 [Modules] Streaming discord_spellcheck@1 to /home/momofu/.config/discord/0.0.104/modules/pending/discord_spellcheck-1.zip: 11%
8/8/2025, 4:34:35 PM GMT+9 [Modules] Streaming discord_spellcheck@1 to /home/momofu/.config/discord/0.0.104/modules/pending/discord_spellcheck-1.zip: 12%
8/8/2025, 4:34:35 PM GMT+9 [Modules] Streaming discord_spellcheck@1 to /home/momofu/.config/discord/0.0.104/modules/pending/discord_spellcheck-1.zip: 13%
8/8/2025, 4:34:35 PM GMT+9 [Modules] Streaming discord_spellcheck@1 to /home/momofu/.config/discord/0.0.104/modules/pending/discord_spellcheck-1.zip: 14%
8/8/2025, 4:34:35 PM GMT+9 [Modules] Streaming discord_spellcheck@1 to /home/momofu/.config/discord/0.0.104/modules/pending/discord_spellcheck-1.zip: 15%
8/8/2025, 4:34:35 PM GMT+9 [Modules] Streaming discord_spellcheck@1 to /home/momofu/.config/discord/0.0.104/modules/pending/discord_spellcheck-1.zip: 16%
8/8/2025, 4:34:35 PM GMT+9 [Modules] Streaming discord_spellcheck@1 to /home/momofu/.config/discord/0.0.104/modules/pending/discord_spellcheck-1.zip: 17%
8/8/2025, 4:34:35 PM GMT+9 [Modules] Streaming discord_spellcheck@1 to /home/momofu/.config/discord/0.0.104/modules/pending/discord_spellcheck-1.zip: 18%
8/8/2025, 4:34:35 PM GMT+9 [Modules] Streaming discord_spellcheck@1 to /home/momofu/.config/discord/0.0.104/modules/pending/discord_spellcheck-1.zip: 19%
8/8/2025, 4:34:35 PM GMT+9 [Modules] Streaming discord_spellcheck@1 to /home/momofu/.config/discord/0.0.104/modules/pending/discord_spellcheck-1.zip: 20%
8/8/2025, 4:34:35 PM GMT+9 [Modules] Streaming discord_spellcheck@1 to /home/momofu/.config/discord/0.0.104/modules/pending/discord_spellcheck-1.zip: 21%
8/8/2025, 4:34:35 PM GMT+9 [Modules] Streaming discord_spellcheck@1 to /home/momofu/.config/discord/0.0.104/modules/pending/discord_spellcheck-1.zip: 22%
8/8/2025, 4:34:35 PM GMT+9 [Modules] Streaming discord_spellcheck@1 to /home/momofu/.config/discord/0.0.104/modules/pending/discord_spellcheck-1.zip: 23%
8/8/2025, 4:34:36 PM GMT+9 [Modules] Streaming discord_spellcheck@1 to /home/momofu/.config/discord/0.0.104/modules/pending/discord_spellcheck-1.zip: 24%
8/8/2025, 4:34:36 PM GMT+9 [Modules] Streaming discord_spellcheck@1 to /home/momofu/.config/discord/0.0.104/modules/pending/discord_spellcheck-1.zip: 25%
8/8/2025, 4:34:36 PM GMT+9 [Modules] Streaming discord_spellcheck@1 to /home/momofu/.config/discord/0.0.104/modules/pending/discord_spellcheck-1.zip: 26%
8/8/2025, 4:34:36 PM GMT+9 [Modules] Streaming discord_spellcheck@1 to /home/momofu/.config/discord/0.0.104/modules/pending/discord_spellcheck-1.zip: 27%
8/8/2025, 4:34:36 PM GMT+9 [Modules] Streaming discord_spellcheck@1 to /home/momofu/.config/discord/0.0.104/modules/pending/discord_spellcheck-1.zip: 28%
8/8/2025, 4:34:36 PM GMT+9 [Modules] Streaming discord_spellcheck@1 to /home/momofu/.config/discord/0.0.104/modules/pending/discord_spellcheck-1.zip: 29%
8/8/2025, 4:34:36 PM GMT+9 [Modules] Streaming discord_spellcheck@1 to /home/momofu/.config/discord/0.0.104/modules/pending/discord_spellcheck-1.zip: 30%
8/8/2025, 4:34:36 PM GMT+9 [Modules] Streaming discord_spellcheck@1 to /home/momofu/.config/discord/0.0.104/modules/pending/discord_spellcheck-1.zip: 31%
8/8/2025, 4:34:36 PM GMT+9 [Modules] Streaming discord_spellcheck@1 to /home/momofu/.config/discord/0.0.104/modules/pending/discord_spellcheck-1.zip: 32%
8/8/2025, 4:34:36 PM GMT+9 [Modules] Streaming discord_spellcheck@1 to /home/momofu/.config/discord/0.0.104/modules/pending/discord_spellcheck-1.zip: 33%
8/8/2025, 4:34:36 PM GMT+9 [Modules] Streaming discord_spellcheck@1 to /home/momofu/.config/discord/0.0.104/modules/pending/discord_spellcheck-1.zip: 34%
8/8/2025, 4:34:36 PM GMT+9 [Modules] Streaming discord_spellcheck@1 to /home/momofu/.config/discord/0.0.104/modules/pending/discord_spellcheck-1.zip: 35%
8/8/2025, 4:34:36 PM GMT+9 [Modules] Streaming discord_spellcheck@1 to /home/momofu/.config/discord/0.0.104/modules/pending/discord_spellcheck-1.zip: 36%
8/8/2025, 4:34:36 PM GMT+9 [Modules] Streaming discord_spellcheck@1 to /home/momofu/.config/discord/0.0.104/modules/pending/discord_spellcheck-1.zip: 37%
8/8/2025, 4:34:36 PM GMT+9 [Modules] Streaming discord_spellcheck@1 to /home/momofu/.config/discord/0.0.104/modules/pending/discord_spellcheck-1.zip: 38%
8/8/2025, 4:34:36 PM GMT+9 [Modules] Streaming discord_spellcheck@1 to /home/momofu/.config/discord/0.0.104/modules/pending/discord_spellcheck-1.zip: 39%
8/8/2025, 4:34:36 PM GMT+9 [Modules] Streaming discord_spellcheck@1 to /home/momofu/.config/discord/0.0.104/modules/pending/discord_spellcheck-1.zip: 40%
8/8/2025, 4:34:36 PM GMT+9 [Modules] Streaming discord_spellcheck@1 to /home/momofu/.config/discord/0.0.104/modules/pending/discord_spellcheck-1.zip: 41%
8/8/2025, 4:34:36 PM GMT+9 [Modules] Streaming discord_spellcheck@1 to /home/momofu/.config/discord/0.0.104/modules/pending/discord_spellcheck-1.zip: 42%
8/8/2025, 4:34:36 PM GMT+9 [Modules] Streaming discord_spellcheck@1 to /home/momofu/.config/discord/0.0.104/modules/pending/discord_spellcheck-1.zip: 43%
8/8/2025, 4:34:36 PM GMT+9 [Modules] Streaming discord_spellcheck@1 to /home/momofu/.config/discord/0.0.104/modules/pending/discord_spellcheck-1.zip: 44%
8/8/2025, 4:34:36 PM GMT+9 [Modules] Streaming discord_spellcheck@1 to /home/momofu/.config/discord/0.0.104/modules/pending/discord_spellcheck-1.zip: 45%
8/8/2025, 4:34:36 PM GMT+9 [Modules] Streaming discord_spellcheck@1 to /home/momofu/.config/discord/0.0.104/modules/pending/discord_spellcheck-1.zip: 46%
8/8/2025, 4:34:36 PM GMT+9 [Modules] Streaming discord_spellcheck@1 to /home/momofu/.config/discord/0.0.104/modules/pending/discord_spellcheck-1.zip: 47%
8/8/2025, 4:34:36 PM GMT+9 [Modules] Streaming discord_spellcheck@1 to /home/momofu/.config/discord/0.0.104/modules/pending/discord_spellcheck-1.zip: 48%
8/8/2025, 4:34:36 PM GMT+9 [Modules] Streaming discord_spellcheck@1 to /home/momofu/.config/discord/0.0.104/modules/pending/discord_spellcheck-1.zip: 49%
8/8/2025, 4:34:36 PM GMT+9 [Modules] Streaming discord_spellcheck@1 to /home/momofu/.config/discord/0.0.104/modules/pending/discord_spellcheck-1.zip: 50%
8/8/2025, 4:34:36 PM GMT+9 [Modules] Streaming discord_spellcheck@1 to /home/momofu/.config/discord/0.0.104/modules/pending/discord_spellcheck-1.zip: 51%
8/8/2025, 4:34:36 PM GMT+9 [Modules] Streaming discord_spellcheck@1 to /home/momofu/.config/discord/0.0.104/modules/pending/discord_spellcheck-1.zip: 52%
8/8/2025, 4:34:36 PM GMT+9 [Modules] Streaming discord_spellcheck@1 to /home/momofu/.config/discord/0.0.104/modules/pending/discord_spellcheck-1.zip: 53%
8/8/2025, 4:34:36 PM GMT+9 [Modules] Streaming discord_spellcheck@1 to /home/momofu/.config/discord/0.0.104/modules/pending/discord_spellcheck-1.zip: 54%
8/8/2025, 4:34:36 PM GMT+9 [Modules] Streaming discord_spellcheck@1 to /home/momofu/.config/discord/0.0.104/modules/pending/discord_spellcheck-1.zip: 55%
8/8/2025, 4:34:36 PM GMT+9 [Modules] Streaming discord_spellcheck@1 to /home/momofu/.config/discord/0.0.104/modules/pending/discord_spellcheck-1.zip: 56%
8/8/2025, 4:34:36 PM GMT+9 [Modules] Streaming discord_spellcheck@1 to /home/momofu/.config/discord/0.0.104/modules/pending/discord_spellcheck-1.zip: 57%
8/8/2025, 4:34:36 PM GMT+9 [Modules] Streaming discord_spellcheck@1 to /home/momofu/.config/discord/0.0.104/modules/pending/discord_spellcheck-1.zip: 58%
8/8/2025, 4:34:36 PM GMT+9 [Modules] Streaming discord_spellcheck@1 to /home/momofu/.config/discord/0.0.104/modules/pending/discord_spellcheck-1.zip: 59%
8/8/2025, 4:34:36 PM GMT+9 [Modules] Streaming discord_spellcheck@1 to /home/momofu/.config/discord/0.0.104/modules/pending/discord_spellcheck-1.zip: 60%
8/8/2025, 4:34:36 PM GMT+9 [Modules] Streaming discord_spellcheck@1 to /home/momofu/.config/discord/0.0.104/modules/pending/discord_spellcheck-1.zip: 61%
8/8/2025, 4:34:36 PM GMT+9 [Modules] Streaming discord_spellcheck@1 to /home/momofu/.config/discord/0.0.104/modules/pending/discord_spellcheck-1.zip: 62%
8/8/2025, 4:34:36 PM GMT+9 [Modules] Streaming discord_spellcheck@1 to /home/momofu/.config/discord/0.0.104/modules/pending/discord_spellcheck-1.zip: 63%
8/8/2025, 4:34:36 PM GMT+9 [Modules] Streaming discord_spellcheck@1 to /home/momofu/.config/discord/0.0.104/modules/pending/discord_spellcheck-1.zip: 64%
8/8/2025, 4:34:36 PM GMT+9 [Modules] Streaming discord_spellcheck@1 to /home/momofu/.config/discord/0.0.104/modules/pending/discord_spellcheck-1.zip: 65%
8/8/2025, 4:34:36 PM GMT+9 [Modules] Streaming discord_spellcheck@1 to /home/momofu/.config/discord/0.0.104/modules/pending/discord_spellcheck-1.zip: 66%
8/8/2025, 4:34:36 PM GMT+9 [Modules] Streaming discord_spellcheck@1 to /home/momofu/.config/discord/0.0.104/modules/pending/discord_spellcheck-1.zip: 67%
8/8/2025, 4:34:36 PM GMT+9 [Modules] Streaming discord_spellcheck@1 to /home/momofu/.config/discord/0.0.104/modules/pending/discord_spellcheck-1.zip: 68%
8/8/2025, 4:34:36 PM GMT+9 [Modules] Streaming discord_spellcheck@1 to /home/momofu/.config/discord/0.0.104/modules/pending/discord_spellcheck-1.zip: 69%
8/8/2025, 4:34:36 PM GMT+9 [Modules] Streaming discord_spellcheck@1 to /home/momofu/.config/discord/0.0.104/modules/pending/discord_spellcheck-1.zip: 70%
8/8/2025, 4:34:36 PM GMT+9 [Modules] Streaming discord_spellcheck@1 to /home/momofu/.config/discord/0.0.104/modules/pending/discord_spellcheck-1.zip: 71%
8/8/2025, 4:34:36 PM GMT+9 [Modules] Streaming discord_spellcheck@1 to /home/momofu/.config/discord/0.0.104/modules/pending/discord_spellcheck-1.zip: 72%
8/8/2025, 4:34:36 PM GMT+9 [Modules] Streaming discord_spellcheck@1 to /home/momofu/.config/discord/0.0.104/modules/pending/discord_spellcheck-1.zip: 73%
8/8/2025, 4:34:36 PM GMT+9 [Modules] Streaming discord_spellcheck@1 to /home/momofu/.config/discord/0.0.104/modules/pending/discord_spellcheck-1.zip: 74%
8/8/2025, 4:34:36 PM GMT+9 [Modules] Streaming discord_spellcheck@1 to /home/momofu/.config/discord/0.0.104/modules/pending/discord_spellcheck-1.zip: 75%
8/8/2025, 4:34:36 PM GMT+9 [Modules] Streaming discord_spellcheck@1 to /home/momofu/.config/discord/0.0.104/modules/pending/discord_spellcheck-1.zip: 76%
8/8/2025, 4:34:36 PM GMT+9 [Modules] Streaming discord_spellcheck@1 to /home/momofu/.config/discord/0.0.104/modules/pending/discord_spellcheck-1.zip: 77%
8/8/2025, 4:34:36 PM GMT+9 [Modules] Streaming discord_spellcheck@1 to /home/momofu/.config/discord/0.0.104/modules/pending/discord_spellcheck-1.zip: 78%
8/8/2025, 4:34:36 PM GMT+9 [Modules] Streaming discord_spellcheck@1 to /home/momofu/.config/discord/0.0.104/modules/pending/discord_spellcheck-1.zip: 79%
8/8/2025, 4:34:36 PM GMT+9 [Modules] Streaming discord_spellcheck@1 to /home/momofu/.config/discord/0.0.104/modules/pending/discord_spellcheck-1.zip: 80%
8/8/2025, 4:34:36 PM GMT+9 [Modules] Streaming discord_spellcheck@1 to /home/momofu/.config/discord/0.0.104/modules/pending/discord_spellcheck-1.zip: 81%
8/8/2025, 4:34:36 PM GMT+9 [Modules] Streaming discord_spellcheck@1 to /home/momofu/.config/discord/0.0.104/modules/pending/discord_spellcheck-1.zip: 82%
8/8/2025, 4:34:36 PM GMT+9 [Modules] Streaming discord_spellcheck@1 to /home/momofu/.config/discord/0.0.104/modules/pending/discord_spellcheck-1.zip: 83%
8/8/2025, 4:34:37 PM GMT+9 [Modules] Streaming discord_spellcheck@1 to /home/momofu/.config/discord/0.0.104/modules/pending/discord_spellcheck-1.zip: 84%
8/8/2025, 4:34:37 PM GMT+9 [Modules] Streaming discord_spellcheck@1 to /home/momofu/.config/discord/0.0.104/modules/pending/discord_spellcheck-1.zip: 85%
8/8/2025, 4:34:37 PM GMT+9 [Modules] Streaming discord_spellcheck@1 to /home/momofu/.config/discord/0.0.104/modules/pending/discord_spellcheck-1.zip: 86%
8/8/2025, 4:34:37 PM GMT+9 [Modules] Streaming discord_spellcheck@1 to /home/momofu/.config/discord/0.0.104/modules/pending/discord_spellcheck-1.zip: 87%
8/8/2025, 4:34:37 PM GMT+9 [Modules] Streaming discord_spellcheck@1 to /home/momofu/.config/discord/0.0.104/modules/pending/discord_spellcheck-1.zip: 88%
8/8/2025, 4:34:37 PM GMT+9 [Modules] Streaming discord_spellcheck@1 to /home/momofu/.config/discord/0.0.104/modules/pending/discord_spellcheck-1.zip: 89%
8/8/2025, 4:34:37 PM GMT+9 [Modules] Streaming discord_spellcheck@1 to /home/momofu/.config/discord/0.0.104/modules/pending/discord_spellcheck-1.zip: 90%
8/8/2025, 4:34:37 PM GMT+9 [Modules] Streaming discord_spellcheck@1 to /home/momofu/.config/discord/0.0.104/modules/pending/discord_spellcheck-1.zip: 91%
8/8/2025, 4:34:37 PM GMT+9 [Modules] Streaming discord_spellcheck@1 to /home/momofu/.config/discord/0.0.104/modules/pending/discord_spellcheck-1.zip: 92%
8/8/2025, 4:34:37 PM GMT+9 [Modules] Streaming discord_spellcheck@1 to /home/momofu/.config/discord/0.0.104/modules/pending/discord_spellcheck-1.zip: 93%
8/8/2025, 4:34:37 PM GMT+9 [Modules] Streaming discord_spellcheck@1 to /home/momofu/.config/discord/0.0.104/modules/pending/discord_spellcheck-1.zip: 94%
8/8/2025, 4:34:37 PM GMT+9 [Modules] Streaming discord_spellcheck@1 to /home/momofu/.config/discord/0.0.104/modules/pending/discord_spellcheck-1.zip: 95%
8/8/2025, 4:34:37 PM GMT+9 [Modules] Streaming discord_spellcheck@1 to /home/momofu/.config/discord/0.0.104/modules/pending/discord_spellcheck-1.zip: 96%
8/8/2025, 4:34:37 PM GMT+9 [Modules] Streaming discord_spellcheck@1 to /home/momofu/.config/discord/0.0.104/modules/pending/discord_spellcheck-1.zip: 97%
8/8/2025, 4:34:37 PM GMT+9 [Modules] Streaming discord_spellcheck@1 to /home/momofu/.config/discord/0.0.104/modules/pending/discord_spellcheck-1.zip: 98%
8/8/2025, 4:34:37 PM GMT+9 [Modules] Streaming discord_spellcheck@1 to /home/momofu/.config/discord/0.0.104/modules/pending/discord_spellcheck-1.zip: 99%
8/8/2025, 4:34:37 PM GMT+9 [Modules] Streaming discord_spellcheck@1 to /home/momofu/.config/discord/0.0.104/modules/pending/discord_spellcheck-1.zip: 100%
8/8/2025, 4:34:37 PM GMT+9 [Modules] Fetching discord_utils@1 from https://discord.com/api/modules/stable/discord_utils/1
8/8/2025, 4:34:37 PM GMT+9 [Modules] Streaming discord_utils@1 to /home/momofu/.config/discord/0.0.104/modules/pending/discord_utils-1.zip
8/8/2025, 4:34:37 PM GMT+9 [Modules] Streaming discord_utils@1 to /home/momofu/.config/discord/0.0.104/modules/pending/discord_utils-1.zip: 1%
8/8/2025, 4:34:38 PM GMT+9 [Modules] Streaming discord_utils@1 to /home/momofu/.config/discord/0.0.104/modules/pending/discord_utils-1.zip: 2%
8/8/2025, 4:34:38 PM GMT+9 [Modules] Streaming discord_utils@1 to /home/momofu/.config/discord/0.0.104/modules/pending/discord_utils-1.zip: 3%
8/8/2025, 4:34:38 PM GMT+9 [Modules] Streaming discord_utils@1 to /home/momofu/.config/discord/0.0.104/modules/pending/discord_utils-1.zip: 4%
8/8/2025, 4:34:38 PM GMT+9 [Modules] Streaming discord_utils@1 to /home/momofu/.config/discord/0.0.104/modules/pending/discord_utils-1.zip: 5%
8/8/2025, 4:34:38 PM GMT+9 [Modules] Streaming discord_utils@1 to /home/momofu/.config/discord/0.0.104/modules/pending/discord_utils-1.zip: 7%
8/8/2025, 4:34:38 PM GMT+9 [Modules] Streaming discord_utils@1 to /home/momofu/.config/discord/0.0.104/modules/pending/discord_utils-1.zip: 16%
8/8/2025, 4:34:38 PM GMT+9 [Modules] Streaming discord_utils@1 to /home/momofu/.config/discord/0.0.104/modules/pending/discord_utils-1.zip: 17%
8/8/2025, 4:34:38 PM GMT+9 [Modules] Streaming discord_utils@1 to /home/momofu/.config/discord/0.0.104/modules/pending/discord_utils-1.zip: 18%
8/8/2025, 4:34:38 PM GMT+9 [Modules] Streaming discord_utils@1 to /home/momofu/.config/discord/0.0.104/modules/pending/discord_utils-1.zip: 19%
8/8/2025, 4:34:38 PM GMT+9 [Modules] Streaming discord_utils@1 to /home/momofu/.config/discord/0.0.104/modules/pending/discord_utils-1.zip: 20%
8/8/2025, 4:34:38 PM GMT+9 [Modules] Streaming discord_utils@1 to /home/momofu/.config/discord/0.0.104/modules/pending/discord_utils-1.zip: 21%
8/8/2025, 4:34:38 PM GMT+9 [Modules] Streaming discord_utils@1 to /home/momofu/.config/discord/0.0.104/modules/pending/discord_utils-1.zip: 22%
8/8/2025, 4:34:38 PM GMT+9 [Modules] Streaming discord_utils@1 to /home/momofu/.config/discord/0.0.104/modules/pending/discord_utils-1.zip: 23%
8/8/2025, 4:34:38 PM GMT+9 [Modules] Streaming discord_utils@1 to /home/momofu/.config/discord/0.0.104/modules/pending/discord_utils-1.zip: 24%
8/8/2025, 4:34:38 PM GMT+9 [Modules] Streaming discord_utils@1 to /home/momofu/.config/discord/0.0.104/modules/pending/discord_utils-1.zip: 25%
8/8/2025, 4:34:38 PM GMT+9 [Modules] Streaming discord_utils@1 to /home/momofu/.config/discord/0.0.104/modules/pending/discord_utils-1.zip: 26%
8/8/2025, 4:34:38 PM GMT+9 [Modules] Streaming discord_utils@1 to /home/momofu/.config/discord/0.0.104/modules/pending/discord_utils-1.zip: 37%
8/8/2025, 4:34:38 PM GMT+9 [Modules] Streaming discord_utils@1 to /home/momofu/.config/discord/0.0.104/modules/pending/discord_utils-1.zip: 47%
8/8/2025, 4:34:38 PM GMT+9 [Modules] Streaming discord_utils@1 to /home/momofu/.config/discord/0.0.104/modules/pending/discord_utils-1.zip: 58%
8/8/2025, 4:34:38 PM GMT+9 [Modules] Streaming discord_utils@1 to /home/momofu/.config/discord/0.0.104/modules/pending/discord_utils-1.zip: 59%
8/8/2025, 4:34:38 PM GMT+9 [Modules] Streaming discord_utils@1 to /home/momofu/.config/discord/0.0.104/modules/pending/discord_utils-1.zip: 60%
8/8/2025, 4:34:39 PM GMT+9 [Modules] Streaming discord_utils@1 to /home/momofu/.config/discord/0.0.104/modules/pending/discord_utils-1.zip: 61%
8/8/2025, 4:34:39 PM GMT+9 [Modules] Streaming discord_utils@1 to /home/momofu/.config/discord/0.0.104/modules/pending/discord_utils-1.zip: 62%
8/8/2025, 4:34:39 PM GMT+9 [Modules] Streaming discord_utils@1 to /home/momofu/.config/discord/0.0.104/modules/pending/discord_utils-1.zip: 64%
8/8/2025, 4:34:39 PM GMT+9 [Modules] Streaming discord_utils@1 to /home/momofu/.config/discord/0.0.104/modules/pending/discord_utils-1.zip: 74%
8/8/2025, 4:34:39 PM GMT+9 [Modules] Streaming discord_utils@1 to /home/momofu/.config/discord/0.0.104/modules/pending/discord_utils-1.zip: 89%
8/8/2025, 4:34:39 PM GMT+9 [Modules] Streaming discord_utils@1 to /home/momofu/.config/discord/0.0.104/modules/pending/discord_utils-1.zip: 94%
8/8/2025, 4:34:39 PM GMT+9 [Modules] Streaming discord_utils@1 to /home/momofu/.config/discord/0.0.104/modules/pending/discord_utils-1.zip: 96%
8/8/2025, 4:34:39 PM GMT+9 [Modules] Streaming discord_utils@1 to /home/momofu/.config/discord/0.0.104/modules/pending/discord_utils-1.zip: 97%
8/8/2025, 4:34:39 PM GMT+9 [Modules] Streaming discord_utils@1 to /home/momofu/.config/discord/0.0.104/modules/pending/discord_utils-1.zip: 100%
8/8/2025, 4:34:39 PM GMT+9 [Modules] Fetching discord_voice@1 from https://discord.com/api/modules/stable/discord_voice/1
8/8/2025, 4:34:39 PM GMT+9 [Modules] Streaming discord_voice@1 to /home/momofu/.config/discord/0.0.104/modules/pending/discord_voice-1.zip
8/8/2025, 4:34:41 PM GMT+9 [Modules] Streaming discord_voice@1 to /home/momofu/.config/discord/0.0.104/modules/pending/discord_voice-1.zip: 1%
8/8/2025, 4:34:41 PM GMT+9 [Modules] Streaming discord_voice@1 to /home/momofu/.config/discord/0.0.104/modules/pending/discord_voice-1.zip: 2%
8/8/2025, 4:34:41 PM GMT+9 [Modules] Streaming discord_voice@1 to /home/momofu/.config/discord/0.0.104/modules/pending/discord_voice-1.zip: 3%
8/8/2025, 4:34:41 PM GMT+9 [Modules] Streaming discord_voice@1 to /home/momofu/.config/discord/0.0.104/modules/pending/discord_voice-1.zip: 4%
8/8/2025, 4:34:41 PM GMT+9 [Modules] Streaming discord_voice@1 to /home/momofu/.config/discord/0.0.104/modules/pending/discord_voice-1.zip: 5%
8/8/2025, 4:34:41 PM GMT+9 [Modules] Streaming discord_voice@1 to /home/momofu/.config/discord/0.0.104/modules/pending/discord_voice-1.zip: 6%
8/8/2025, 4:34:41 PM GMT+9 [Modules] Streaming discord_voice@1 to /home/momofu/.config/discord/0.0.104/modules/pending/discord_voice-1.zip: 7%
8/8/2025, 4:34:41 PM GMT+9 [Modules] Streaming discord_voice@1 to /home/momofu/.config/discord/0.0.104/modules/pending/discord_voice-1.zip: 8%
8/8/2025, 4:34:41 PM GMT+9 [Modules] Streaming discord_voice@1 to /home/momofu/.config/discord/0.0.104/modules/pending/discord_voice-1.zip: 9%
8/8/2025, 4:34:41 PM GMT+9 [Modules] Streaming discord_voice@1 to /home/momofu/.config/discord/0.0.104/modules/pending/discord_voice-1.zip: 10%
8/8/2025, 4:34:41 PM GMT+9 [Modules] Streaming discord_voice@1 to /home/momofu/.config/discord/0.0.104/modules/pending/discord_voice-1.zip: 11%
8/8/2025, 4:34:41 PM GMT+9 [Modules] Streaming discord_voice@1 to /home/momofu/.config/discord/0.0.104/modules/pending/discord_voice-1.zip: 12%
8/8/2025, 4:34:41 PM GMT+9 [Modules] Streaming discord_voice@1 to /home/momofu/.config/discord/0.0.104/modules/pending/discord_voice-1.zip: 13%
8/8/2025, 4:34:42 PM GMT+9 [Modules] Streaming discord_voice@1 to /home/momofu/.config/discord/0.0.104/modules/pending/discord_voice-1.zip: 14%
8/8/2025, 4:34:42 PM GMT+9 [Modules] Streaming discord_voice@1 to /home/momofu/.config/discord/0.0.104/modules/pending/discord_voice-1.zip: 15%
8/8/2025, 4:34:42 PM GMT+9 [Modules] Streaming discord_voice@1 to /home/momofu/.config/discord/0.0.104/modules/pending/discord_voice-1.zip: 16%
8/8/2025, 4:34:42 PM GMT+9 [Modules] Streaming discord_voice@1 to /home/momofu/.config/discord/0.0.104/modules/pending/discord_voice-1.zip: 17%
8/8/2025, 4:34:42 PM GMT+9 [Modules] Streaming discord_voice@1 to /home/momofu/.config/discord/0.0.104/modules/pending/discord_voice-1.zip: 18%
8/8/2025, 4:34:42 PM GMT+9 [Modules] Streaming discord_voice@1 to /home/momofu/.config/discord/0.0.104/modules/pending/discord_voice-1.zip: 19%
8/8/2025, 4:34:42 PM GMT+9 [Modules] Streaming discord_voice@1 to /home/momofu/.config/discord/0.0.104/modules/pending/discord_voice-1.zip: 20%
8/8/2025, 4:34:42 PM GMT+9 [Modules] Streaming discord_voice@1 to /home/momofu/.config/discord/0.0.104/modules/pending/discord_voice-1.zip: 21%
8/8/2025, 4:34:42 PM GMT+9 [Modules] Streaming discord_voice@1 to /home/momofu/.config/discord/0.0.104/modules/pending/discord_voice-1.zip: 22%
8/8/2025, 4:34:42 PM GMT+9 [Modules] Streaming discord_voice@1 to /home/momofu/.config/discord/0.0.104/modules/pending/discord_voice-1.zip: 23%
8/8/2025, 4:34:42 PM GMT+9 [Modules] Streaming discord_voice@1 to /home/momofu/.config/discord/0.0.104/modules/pending/discord_voice-1.zip: 24%
8/8/2025, 4:34:43 PM GMT+9 [Modules] Streaming discord_voice@1 to /home/momofu/.config/discord/0.0.104/modules/pending/discord_voice-1.zip: 25%
8/8/2025, 4:34:43 PM GMT+9 [Modules] Streaming discord_voice@1 to /home/momofu/.config/discord/0.0.104/modules/pending/discord_voice-1.zip: 26%
8/8/2025, 4:34:43 PM GMT+9 [Modules] Streaming discord_voice@1 to /home/momofu/.config/discord/0.0.104/modules/pending/discord_voice-1.zip: 27%
8/8/2025, 4:34:43 PM GMT+9 [Modules] Streaming discord_voice@1 to /home/momofu/.config/discord/0.0.104/modules/pending/discord_voice-1.zip: 28%
8/8/2025, 4:34:43 PM GMT+9 [Modules] Streaming discord_voice@1 to /home/momofu/.config/discord/0.0.104/modules/pending/discord_voice-1.zip: 29%
8/8/2025, 4:34:43 PM GMT+9 [Modules] Streaming discord_voice@1 to /home/momofu/.config/discord/0.0.104/modules/pending/discord_voice-1.zip: 30%
8/8/2025, 4:34:43 PM GMT+9 [Modules] Streaming discord_voice@1 to /home/momofu/.config/discord/0.0.104/modules/pending/discord_voice-1.zip: 31%
8/8/2025, 4:34:43 PM GMT+9 [Modules] Streaming discord_voice@1 to /home/momofu/.config/discord/0.0.104/modules/pending/discord_voice-1.zip: 32%
8/8/2025, 4:34:43 PM GMT+9 [Modules] Streaming discord_voice@1 to /home/momofu/.config/discord/0.0.104/modules/pending/discord_voice-1.zip: 33%
8/8/2025, 4:34:43 PM GMT+9 [Modules] Streaming discord_voice@1 to /home/momofu/.config/discord/0.0.104/modules/pending/discord_voice-1.zip: 34%
8/8/2025, 4:34:43 PM GMT+9 [Modules] Streaming discord_voice@1 to /home/momofu/.config/discord/0.0.104/modules/pending/discord_voice-1.zip: 35%
8/8/2025, 4:34:43 PM GMT+9 [Modules] Streaming discord_voice@1 to /home/momofu/.config/discord/0.0.104/modules/pending/discord_voice-1.zip: 36%
8/8/2025, 4:34:43 PM GMT+9 [Modules] Streaming discord_voice@1 to /home/momofu/.config/discord/0.0.104/modules/pending/discord_voice-1.zip: 37%
8/8/2025, 4:34:43 PM GMT+9 [Modules] Streaming discord_voice@1 to /home/momofu/.config/discord/0.0.104/modules/pending/discord_voice-1.zip: 38%
8/8/2025, 4:34:43 PM GMT+9 [Modules] Streaming discord_voice@1 to /home/momofu/.config/discord/0.0.104/modules/pending/discord_voice-1.zip: 39%
8/8/2025, 4:34:43 PM GMT+9 [Modules] Streaming discord_voice@1 to /home/momofu/.config/discord/0.0.104/modules/pending/discord_voice-1.zip: 40%
8/8/2025, 4:34:44 PM GMT+9 [Modules] Streaming discord_voice@1 to /home/momofu/.config/discord/0.0.104/modules/pending/discord_voice-1.zip: 41%
8/8/2025, 4:34:44 PM GMT+9 [Modules] Streaming discord_voice@1 to /home/momofu/.config/discord/0.0.104/modules/pending/discord_voice-1.zip: 42%
8/8/2025, 4:34:44 PM GMT+9 [Modules] Streaming discord_voice@1 to /home/momofu/.config/discord/0.0.104/modules/pending/discord_voice-1.zip: 43%
8/8/2025, 4:34:44 PM GMT+9 [Modules] Streaming discord_voice@1 to /home/momofu/.config/discord/0.0.104/modules/pending/discord_voice-1.zip: 44%
8/8/2025, 4:34:44 PM GMT+9 [Modules] Streaming discord_voice@1 to /home/momofu/.config/discord/0.0.104/modules/pending/discord_voice-1.zip: 45%
8/8/2025, 4:34:44 PM GMT+9 [Modules] Streaming discord_voice@1 to /home/momofu/.config/discord/0.0.104/modules/pending/discord_voice-1.zip: 46%
8/8/2025, 4:34:44 PM GMT+9 [Modules] Streaming discord_voice@1 to /home/momofu/.config/discord/0.0.104/modules/pending/discord_voice-1.zip: 47%
8/8/2025, 4:34:44 PM GMT+9 [Modules] Streaming discord_voice@1 to /home/momofu/.config/discord/0.0.104/modules/pending/discord_voice-1.zip: 48%
8/8/2025, 4:34:44 PM GMT+9 [Modules] Streaming discord_voice@1 to /home/momofu/.config/discord/0.0.104/modules/pending/discord_voice-1.zip: 49%
8/8/2025, 4:34:44 PM GMT+9 [Modules] Streaming discord_voice@1 to /home/momofu/.config/discord/0.0.104/modules/pending/discord_voice-1.zip: 50%
8/8/2025, 4:34:44 PM GMT+9 [Modules] Streaming discord_voice@1 to /home/momofu/.config/discord/0.0.104/modules/pending/discord_voice-1.zip: 51%
8/8/2025, 4:34:44 PM GMT+9 [Modules] Streaming discord_voice@1 to /home/momofu/.config/discord/0.0.104/modules/pending/discord_voice-1.zip: 52%
8/8/2025, 4:34:44 PM GMT+9 [Modules] Streaming discord_voice@1 to /home/momofu/.config/discord/0.0.104/modules/pending/discord_voice-1.zip: 53%
8/8/2025, 4:34:44 PM GMT+9 [Modules] Streaming discord_voice@1 to /home/momofu/.config/discord/0.0.104/modules/pending/discord_voice-1.zip: 54%
8/8/2025, 4:34:44 PM GMT+9 [Modules] Streaming discord_voice@1 to /home/momofu/.config/discord/0.0.104/modules/pending/discord_voice-1.zip: 55%
8/8/2025, 4:34:44 PM GMT+9 [Modules] Streaming discord_voice@1 to /home/momofu/.config/discord/0.0.104/modules/pending/discord_voice-1.zip: 56%
8/8/2025, 4:34:44 PM GMT+9 [Modules] Streaming discord_voice@1 to /home/momofu/.config/discord/0.0.104/modules/pending/discord_voice-1.zip: 57%
8/8/2025, 4:34:44 PM GMT+9 [Modules] Streaming discord_voice@1 to /home/momofu/.config/discord/0.0.104/modules/pending/discord_voice-1.zip: 58%
8/8/2025, 4:34:44 PM GMT+9 [Modules] Streaming discord_voice@1 to /home/momofu/.config/discord/0.0.104/modules/pending/discord_voice-1.zip: 59%
8/8/2025, 4:34:44 PM GMT+9 [Modules] Streaming discord_voice@1 to /home/momofu/.config/discord/0.0.104/modules/pending/discord_voice-1.zip: 60%
8/8/2025, 4:34:44 PM GMT+9 [Modules] Streaming discord_voice@1 to /home/momofu/.config/discord/0.0.104/modules/pending/discord_voice-1.zip: 61%
8/8/2025, 4:34:44 PM GMT+9 [Modules] Streaming discord_voice@1 to /home/momofu/.config/discord/0.0.104/modules/pending/discord_voice-1.zip: 62%
8/8/2025, 4:34:45 PM GMT+9 [Modules] Streaming discord_voice@1 to /home/momofu/.config/discord/0.0.104/modules/pending/discord_voice-1.zip: 63%
8/8/2025, 4:34:45 PM GMT+9 [Modules] Streaming discord_voice@1 to /home/momofu/.config/discord/0.0.104/modules/pending/discord_voice-1.zip: 64%
8/8/2025, 4:34:45 PM GMT+9 [Modules] Streaming discord_voice@1 to /home/momofu/.config/discord/0.0.104/modules/pending/discord_voice-1.zip: 65%
8/8/2025, 4:34:45 PM GMT+9 [Modules] Streaming discord_voice@1 to /home/momofu/.config/discord/0.0.104/modules/pending/discord_voice-1.zip: 66%
8/8/2025, 4:34:45 PM GMT+9 [Modules] Streaming discord_voice@1 to /home/momofu/.config/discord/0.0.104/modules/pending/discord_voice-1.zip: 67%
8/8/2025, 4:34:45 PM GMT+9 [Modules] Streaming discord_voice@1 to /home/momofu/.config/discord/0.0.104/modules/pending/discord_voice-1.zip: 68%
8/8/2025, 4:34:45 PM GMT+9 [Modules] Streaming discord_voice@1 to /home/momofu/.config/discord/0.0.104/modules/pending/discord_voice-1.zip: 69%
8/8/2025, 4:34:45 PM GMT+9 [Modules] Streaming discord_voice@1 to /home/momofu/.config/discord/0.0.104/modules/pending/discord_voice-1.zip: 70%
8/8/2025, 4:34:45 PM GMT+9 [Modules] Streaming discord_voice@1 to /home/momofu/.config/discord/0.0.104/modules/pending/discord_voice-1.zip: 71%
8/8/2025, 4:34:45 PM GMT+9 [Modules] Streaming discord_voice@1 to /home/momofu/.config/discord/0.0.104/modules/pending/discord_voice-1.zip: 72%
8/8/2025, 4:34:45 PM GMT+9 [Modules] Streaming discord_voice@1 to /home/momofu/.config/discord/0.0.104/modules/pending/discord_voice-1.zip: 73%
8/8/2025, 4:34:45 PM GMT+9 [Modules] Streaming discord_voice@1 to /home/momofu/.config/discord/0.0.104/modules/pending/discord_voice-1.zip: 74%
8/8/2025, 4:34:45 PM GMT+9 [Modules] Streaming discord_voice@1 to /home/momofu/.config/discord/0.0.104/modules/pending/discord_voice-1.zip: 75%
8/8/2025, 4:34:45 PM GMT+9 [Modules] Streaming discord_voice@1 to /home/momofu/.config/discord/0.0.104/modules/pending/discord_voice-1.zip: 76%
8/8/2025, 4:34:45 PM GMT+9 [Modules] Streaming discord_voice@1 to /home/momofu/.config/discord/0.0.104/modules/pending/discord_voice-1.zip: 77%
8/8/2025, 4:34:45 PM GMT+9 [Modules] Streaming discord_voice@1 to /home/momofu/.config/discord/0.0.104/modules/pending/discord_voice-1.zip: 78%
8/8/2025, 4:34:45 PM GMT+9 [Modules] Streaming discord_voice@1 to /home/momofu/.config/discord/0.0.104/modules/pending/discord_voice-1.zip: 79%
8/8/2025, 4:34:45 PM GMT+9 [Modules] Streaming discord_voice@1 to /home/momofu/.config/discord/0.0.104/modules/pending/discord_voice-1.zip: 80%
8/8/2025, 4:34:45 PM GMT+9 [Modules] Streaming discord_voice@1 to /home/momofu/.config/discord/0.0.104/modules/pending/discord_voice-1.zip: 81%
8/8/2025, 4:34:45 PM GMT+9 [Modules] Streaming discord_voice@1 to /home/momofu/.config/discord/0.0.104/modules/pending/discord_voice-1.zip: 82%
8/8/2025, 4:34:45 PM GMT+9 [Modules] Streaming discord_voice@1 to /home/momofu/.config/discord/0.0.104/modules/pending/discord_voice-1.zip: 83%
8/8/2025, 4:34:46 PM GMT+9 [Modules] Streaming discord_voice@1 to /home/momofu/.config/discord/0.0.104/modules/pending/discord_voice-1.zip: 84%
8/8/2025, 4:34:46 PM GMT+9 [Modules] Streaming discord_voice@1 to /home/momofu/.config/discord/0.0.104/modules/pending/discord_voice-1.zip: 85%
8/8/2025, 4:34:46 PM GMT+9 [Modules] Streaming discord_voice@1 to /home/momofu/.config/discord/0.0.104/modules/pending/discord_voice-1.zip: 86%
8/8/2025, 4:34:46 PM GMT+9 [Modules] Streaming discord_voice@1 to /home/momofu/.config/discord/0.0.104/modules/pending/discord_voice-1.zip: 87%
8/8/2025, 4:34:46 PM GMT+9 [Modules] Streaming discord_voice@1 to /home/momofu/.config/discord/0.0.104/modules/pending/discord_voice-1.zip: 88%
8/8/2025, 4:34:46 PM GMT+9 [Modules] Streaming discord_voice@1 to /home/momofu/.config/discord/0.0.104/modules/pending/discord_voice-1.zip: 89%
8/8/2025, 4:34:46 PM GMT+9 [Modules] Streaming discord_voice@1 to /home/momofu/.config/discord/0.0.104/modules/pending/discord_voice-1.zip: 90%
8/8/2025, 4:34:46 PM GMT+9 [Modules] Streaming discord_voice@1 to /home/momofu/.config/discord/0.0.104/modules/pending/discord_voice-1.zip: 91%
8/8/2025, 4:34:46 PM GMT+9 [Modules] Streaming discord_voice@1 to /home/momofu/.config/discord/0.0.104/modules/pending/discord_voice-1.zip: 92%
8/8/2025, 4:34:46 PM GMT+9 [Modules] Streaming discord_voice@1 to /home/momofu/.config/discord/0.0.104/modules/pending/discord_voice-1.zip: 93%
8/8/2025, 4:34:46 PM GMT+9 [Modules] Streaming discord_voice@1 to /home/momofu/.config/discord/0.0.104/modules/pending/discord_voice-1.zip: 94%
8/8/2025, 4:34:46 PM GMT+9 [Modules] Streaming discord_voice@1 to /home/momofu/.config/discord/0.0.104/modules/pending/discord_voice-1.zip: 95%
8/8/2025, 4:34:46 PM GMT+9 [Modules] Streaming discord_voice@1 to /home/momofu/.config/discord/0.0.104/modules/pending/discord_voice-1.zip: 96%
8/8/2025, 4:34:46 PM GMT+9 [Modules] Streaming discord_voice@1 to /home/momofu/.config/discord/0.0.104/modules/pending/discord_voice-1.zip: 97%
8/8/2025, 4:34:46 PM GMT+9 [Modules] Streaming discord_voice@1 to /home/momofu/.config/discord/0.0.104/modules/pending/discord_voice-1.zip: 98%
8/8/2025, 4:34:46 PM GMT+9 [Modules] Streaming discord_voice@1 to /home/momofu/.config/discord/0.0.104/modules/pending/discord_voice-1.zip: 99%
8/8/2025, 4:34:46 PM GMT+9 [Modules] Streaming discord_voice@1 to /home/momofu/.config/discord/0.0.104/modules/pending/discord_voice-1.zip: 100%
8/8/2025, 4:34:46 PM GMT+9 [Modules] Fetching discord_zstd@1 from https://discord.com/api/modules/stable/discord_zstd/1
8/8/2025, 4:34:46 PM GMT+9 [Modules] Streaming discord_zstd@1 to /home/momofu/.config/discord/0.0.104/modules/pending/discord_zstd-1.zip
8/8/2025, 4:34:47 PM GMT+9 [Modules] Streaming discord_zstd@1 to /home/momofu/.config/discord/0.0.104/modules/pending/discord_zstd-1.zip: 4%
8/8/2025, 4:34:47 PM GMT+9 [Modules] Streaming discord_zstd@1 to /home/momofu/.config/discord/0.0.104/modules/pending/discord_zstd-1.zip: 7%
8/8/2025, 4:34:47 PM GMT+9 [Modules] Streaming discord_zstd@1 to /home/momofu/.config/discord/0.0.104/modules/pending/discord_zstd-1.zip: 8%
8/8/2025, 4:34:47 PM GMT+9 [Modules] Streaming discord_zstd@1 to /home/momofu/.config/discord/0.0.104/modules/pending/discord_zstd-1.zip: 14%
8/8/2025, 4:34:47 PM GMT+9 [Modules] Streaming discord_zstd@1 to /home/momofu/.config/discord/0.0.104/modules/pending/discord_zstd-1.zip: 19%
8/8/2025, 4:34:47 PM GMT+9 [Modules] Streaming discord_zstd@1 to /home/momofu/.config/discord/0.0.104/modules/pending/discord_zstd-1.zip: 25%
8/8/2025, 4:34:47 PM GMT+9 [Modules] Streaming discord_zstd@1 to /home/momofu/.config/discord/0.0.104/modules/pending/discord_zstd-1.zip: 31%
8/8/2025, 4:34:47 PM GMT+9 [Modules] Streaming discord_zstd@1 to /home/momofu/.config/discord/0.0.104/modules/pending/discord_zstd-1.zip: 33%
8/8/2025, 4:34:47 PM GMT+9 [Modules] Streaming discord_zstd@1 to /home/momofu/.config/discord/0.0.104/modules/pending/discord_zstd-1.zip: 43%
8/8/2025, 4:34:47 PM GMT+9 [Modules] Streaming discord_zstd@1 to /home/momofu/.config/discord/0.0.104/modules/pending/discord_zstd-1.zip: 49%
8/8/2025, 4:34:47 PM GMT+9 [Modules] Streaming discord_zstd@1 to /home/momofu/.config/discord/0.0.104/modules/pending/discord_zstd-1.zip: 54%
8/8/2025, 4:34:47 PM GMT+9 [Modules] Streaming discord_zstd@1 to /home/momofu/.config/discord/0.0.104/modules/pending/discord_zstd-1.zip: 56%
8/8/2025, 4:34:47 PM GMT+9 [Modules] Streaming discord_zstd@1 to /home/momofu/.config/discord/0.0.104/modules/pending/discord_zstd-1.zip: 66%
8/8/2025, 4:34:47 PM GMT+9 [Modules] Streaming discord_zstd@1 to /home/momofu/.config/discord/0.0.104/modules/pending/discord_zstd-1.zip: 73%
8/8/2025, 4:34:47 PM GMT+9 [Modules] Streaming discord_zstd@1 to /home/momofu/.config/discord/0.0.104/modules/pending/discord_zstd-1.zip: 78%
8/8/2025, 4:34:47 PM GMT+9 [Modules] Streaming discord_zstd@1 to /home/momofu/.config/discord/0.0.104/modules/pending/discord_zstd-1.zip: 85%
8/8/2025, 4:34:47 PM GMT+9 [Modules] Streaming discord_zstd@1 to /home/momofu/.config/discord/0.0.104/modules/pending/discord_zstd-1.zip: 90%
8/8/2025, 4:34:47 PM GMT+9 [Modules] Streaming discord_zstd@1 to /home/momofu/.config/discord/0.0.104/modules/pending/discord_zstd-1.zip: 97%
8/8/2025, 4:34:47 PM GMT+9 [Modules] Streaming discord_zstd@1 to /home/momofu/.config/discord/0.0.104/modules/pending/discord_zstd-1.zip: 100%
8/8/2025, 4:34:47 PM GMT+9 [Modules] Finished module downloads. [success: 6] [failure: 0]
8/8/2025, 4:34:47 PM GMT+9 [Modules] Installing updates...
8/8/2025, 4:34:47 PM GMT+9 [Modules] Installing discord_desktop_core@1 from /home/momofu/.config/discord/0.0.104/modules/pending/discord_desktop_core-1.zip
8/8/2025, 4:34:47 PM GMT+9 [Modules] Installing discord_erlpack@1 from /home/momofu/.config/discord/0.0.104/modules/pending/discord_erlpack-1.zip
8/8/2025, 4:34:47 PM GMT+9 [Modules] Installing discord_spellcheck@1 from /home/momofu/.config/discord/0.0.104/modules/pending/discord_spellcheck-1.zip
8/8/2025, 4:34:47 PM GMT+9 [Modules] Installing discord_utils@1 from /home/momofu/.config/discord/0.0.104/modules/pending/discord_utils-1.zip
8/8/2025, 4:34:48 PM GMT+9 [Modules] Installing discord_voice@1 from /home/momofu/.config/discord/0.0.104/modules/pending/discord_voice-1.zip
8/8/2025, 4:34:48 PM GMT+9 [Modules] Installing discord_zstd@1 from /home/momofu/.config/discord/0.0.104/modules/pending/discord_zstd-1.zip
8/8/2025, 4:34:48 PM GMT+9 [Modules] Finished module installations. [success: 6] [failure: 0]
8/8/2025, 4:34:48 PM GMT+9 [Modules] Checking for host updates.
8/8/2025, 4:34:48 PM GMT+9 [Modules] Host is up to date.
8/8/2025, 4:34:48 PM GMT+9 [Modules] Checking for module updates at https://discord.com/api/modules/stable/versions.json
8/8/2025, 4:34:48 PM GMT+9 [Modules] No module updates available.
8/8/2025, 4:34:50 PM GMT+9 [Modules] Starting to install discord_krisp...
8/8/2025, 4:34:50 PM GMT+9 [Modules] Fetching discord_krisp@1 from https://discord.com/api/modules/stable/discord_krisp/1
8/8/2025, 4:34:50 PM GMT+9 [Modules] Streaming discord_krisp@1 to /home/momofu/.config/discord/0.0.104/modules/pending/discord_krisp-1.zip
8/8/2025, 4:34:50 PM GMT+9 [Modules] Starting to install discord_game_utils...
8/8/2025, 4:34:50 PM GMT+9 [Modules] Streaming discord_krisp@1 to /home/momofu/.config/discord/0.0.104/modules/pending/discord_krisp-1.zip: 1%
8/8/2025, 4:34:51 PM GMT+9 [Modules] Streaming discord_krisp@1 to /home/momofu/.config/discord/0.0.104/modules/pending/discord_krisp-1.zip: 2%
8/8/2025, 4:34:51 PM GMT+9 [Modules] Streaming discord_krisp@1 to /home/momofu/.config/discord/0.0.104/modules/pending/discord_krisp-1.zip: 3%
8/8/2025, 4:34:51 PM GMT+9 [Modules] Streaming discord_krisp@1 to /home/momofu/.config/discord/0.0.104/modules/pending/discord_krisp-1.zip: 4%
8/8/2025, 4:34:51 PM GMT+9 [Modules] Starting to install discord_rpc...
8/8/2025, 4:34:51 PM GMT+9 [Modules] Streaming discord_krisp@1 to /home/momofu/.config/discord/0.0.104/modules/pending/discord_krisp-1.zip: 5%
8/8/2025, 4:34:51 PM GMT+9 [Modules] Streaming discord_krisp@1 to /home/momofu/.config/discord/0.0.104/modules/pending/discord_krisp-1.zip: 6%
8/8/2025, 4:34:51 PM GMT+9 [Modules] Streaming discord_krisp@1 to /home/momofu/.config/discord/0.0.104/modules/pending/discord_krisp-1.zip: 7%
8/8/2025, 4:34:51 PM GMT+9 [Modules] Streaming discord_krisp@1 to /home/momofu/.config/discord/0.0.104/modules/pending/discord_krisp-1.zip: 8%
8/8/2025, 4:34:51 PM GMT+9 [Modules] Streaming discord_krisp@1 to /home/momofu/.config/discord/0.0.104/modules/pending/discord_krisp-1.zip: 9%
8/8/2025, 4:34:51 PM GMT+9 [Modules] Streaming discord_krisp@1 to /home/momofu/.config/discord/0.0.104/modules/pending/discord_krisp-1.zip: 10%
8/8/2025, 4:34:52 PM GMT+9 [Modules] Streaming discord_krisp@1 to /home/momofu/.config/discord/0.0.104/modules/pending/discord_krisp-1.zip: 11%
8/8/2025, 4:34:52 PM GMT+9 [Modules] Streaming discord_krisp@1 to /home/momofu/.config/discord/0.0.104/modules/pending/discord_krisp-1.zip: 12%
8/8/2025, 4:34:52 PM GMT+9 [Modules] Streaming discord_krisp@1 to /home/momofu/.config/discord/0.0.104/modules/pending/discord_krisp-1.zip: 13%
8/8/2025, 4:34:52 PM GMT+9 [Modules] Streaming discord_krisp@1 to /home/momofu/.config/discord/0.0.104/modules/pending/discord_krisp-1.zip: 14%
8/8/2025, 4:34:52 PM GMT+9 [Modules] Streaming discord_krisp@1 to /home/momofu/.config/discord/0.0.104/modules/pending/discord_krisp-1.zip: 15%
8/8/2025, 4:34:53 PM GMT+9 [Modules] Streaming discord_krisp@1 to /home/momofu/.config/discord/0.0.104/modules/pending/discord_krisp-1.zip: 16%
8/8/2025, 4:34:53 PM GMT+9 [Modules] Streaming discord_krisp@1 to /home/momofu/.config/discord/0.0.104/modules/pending/discord_krisp-1.zip: 17%
8/8/2025, 4:34:53 PM GMT+9 [Modules] Streaming discord_krisp@1 to /home/momofu/.config/discord/0.0.104/modules/pending/discord_krisp-1.zip: 18%
8/8/2025, 4:34:53 PM GMT+9 [Modules] Streaming discord_krisp@1 to /home/momofu/.config/discord/0.0.104/modules/pending/discord_krisp-1.zip: 19%
8/8/2025, 4:34:53 PM GMT+9 [Modules] Streaming discord_krisp@1 to /home/momofu/.config/discord/0.0.104/modules/pending/discord_krisp-1.zip: 20%
8/8/2025, 4:34:53 PM GMT+9 [Modules] Streaming discord_krisp@1 to /home/momofu/.config/discord/0.0.104/modules/pending/discord_krisp-1.zip: 21%
8/8/2025, 4:34:54 PM GMT+9 [Modules] Streaming discord_krisp@1 to /home/momofu/.config/discord/0.0.104/modules/pending/discord_krisp-1.zip: 22%
8/8/2025, 4:34:54 PM GMT+9 [Modules] Streaming discord_krisp@1 to /home/momofu/.config/discord/0.0.104/modules/pending/discord_krisp-1.zip: 23%
8/8/2025, 4:34:54 PM GMT+9 [Modules] Streaming discord_krisp@1 to /home/momofu/.config/discord/0.0.104/modules/pending/discord_krisp-1.zip: 24%
8/8/2025, 4:34:54 PM GMT+9 [Modules] Streaming discord_krisp@1 to /home/momofu/.config/discord/0.0.104/modules/pending/discord_krisp-1.zip: 25%
8/8/2025, 4:34:54 PM GMT+9 [Modules] Streaming discord_krisp@1 to /home/momofu/.config/discord/0.0.104/modules/pending/discord_krisp-1.zip: 26%
8/8/2025, 4:34:54 PM GMT+9 [Modules] Streaming discord_krisp@1 to /home/momofu/.config/discord/0.0.104/modules/pending/discord_krisp-1.zip: 27%
8/8/2025, 4:34:54 PM GMT+9 [Modules] Streaming discord_krisp@1 to /home/momofu/.config/discord/0.0.104/modules/pending/discord_krisp-1.zip: 28%
8/8/2025, 4:34:55 PM GMT+9 [Modules] Streaming discord_krisp@1 to /home/momofu/.config/discord/0.0.104/modules/pending/discord_krisp-1.zip: 29%
8/8/2025, 4:34:55 PM GMT+9 [Modules] Streaming discord_krisp@1 to /home/momofu/.config/discord/0.0.104/modules/pending/discord_krisp-1.zip: 30%
8/8/2025, 4:34:55 PM GMT+9 [Modules] Streaming discord_krisp@1 to /home/momofu/.config/discord/0.0.104/modules/pending/discord_krisp-1.zip: 31%
8/8/2025, 4:34:55 PM GMT+9 [Modules] Streaming discord_krisp@1 to /home/momofu/.config/discord/0.0.104/modules/pending/discord_krisp-1.zip: 32%
8/8/2025, 4:34:55 PM GMT+9 [Modules] Streaming discord_krisp@1 to /home/momofu/.config/discord/0.0.104/modules/pending/discord_krisp-1.zip: 33%
8/8/2025, 4:34:55 PM GMT+9 [Modules] Streaming discord_krisp@1 to /home/momofu/.config/discord/0.0.104/modules/pending/discord_krisp-1.zip: 34%
8/8/2025, 4:34:56 PM GMT+9 [Modules] Streaming discord_krisp@1 to /home/momofu/.config/discord/0.0.104/modules/pending/discord_krisp-1.zip: 35%
8/8/2025, 4:34:56 PM GMT+9 [Modules] Streaming discord_krisp@1 to /home/momofu/.config/discord/0.0.104/modules/pending/discord_krisp-1.zip: 36%
8/8/2025, 4:34:56 PM GMT+9 [Modules] Streaming discord_krisp@1 to /home/momofu/.config/discord/0.0.104/modules/pending/discord_krisp-1.zip: 37%
8/8/2025, 4:34:56 PM GMT+9 [Modules] Streaming discord_krisp@1 to /home/momofu/.config/discord/0.0.104/modules/pending/discord_krisp-1.zip: 38%
8/8/2025, 4:34:56 PM GMT+9 [Modules] Streaming discord_krisp@1 to /home/momofu/.config/discord/0.0.104/modules/pending/discord_krisp-1.zip: 39%
8/8/2025, 4:34:56 PM GMT+9 [Modules] Streaming discord_krisp@1 to /home/momofu/.config/discord/0.0.104/modules/pending/discord_krisp-1.zip: 40%
8/8/2025, 4:34:56 PM GMT+9 [Modules] Streaming discord_krisp@1 to /home/momofu/.config/discord/0.0.104/modules/pending/discord_krisp-1.zip: 41%
8/8/2025, 4:34:56 PM GMT+9 [Modules] Streaming discord_krisp@1 to /home/momofu/.config/discord/0.0.104/modules/pending/discord_krisp-1.zip: 42%
8/8/2025, 4:34:57 PM GMT+9 [Modules] Streaming discord_krisp@1 to /home/momofu/.config/discord/0.0.104/modules/pending/discord_krisp-1.zip: 43%
8/8/2025, 4:34:57 PM GMT+9 [Modules] Streaming discord_krisp@1 to /home/momofu/.config/discord/0.0.104/modules/pending/discord_krisp-1.zip: 44%
8/8/2025, 4:34:57 PM GMT+9 [Modules] Streaming discord_krisp@1 to /home/momofu/.config/discord/0.0.104/modules/pending/discord_krisp-1.zip: 45%
8/8/2025, 4:34:57 PM GMT+9 [Modules] Streaming discord_krisp@1 to /home/momofu/.config/discord/0.0.104/modules/pending/discord_krisp-1.zip: 46%
8/8/2025, 4:34:57 PM GMT+9 [Modules] Streaming discord_krisp@1 to /home/momofu/.config/discord/0.0.104/modules/pending/discord_krisp-1.zip: 47%
8/8/2025, 4:34:57 PM GMT+9 [Modules] Streaming discord_krisp@1 to /home/momofu/.config/discord/0.0.104/modules/pending/discord_krisp-1.zip: 48%
8/8/2025, 4:34:57 PM GMT+9 [Modules] Streaming discord_krisp@1 to /home/momofu/.config/discord/0.0.104/modules/pending/discord_krisp-1.zip: 49%
8/8/2025, 4:34:57 PM GMT+9 [Modules] Streaming discord_krisp@1 to /home/momofu/.config/discord/0.0.104/modules/pending/discord_krisp-1.zip: 50%
8/8/2025, 4:34:58 PM GMT+9 [Modules] Streaming discord_krisp@1 to /home/momofu/.config/discord/0.0.104/modules/pending/discord_krisp-1.zip: 51%
8/8/2025, 4:34:58 PM GMT+9 [Modules] Streaming discord_krisp@1 to /home/momofu/.config/discord/0.0.104/modules/pending/discord_krisp-1.zip: 52%
8/8/2025, 4:34:58 PM GMT+9 [Modules] Streaming discord_krisp@1 to /home/momofu/.config/discord/0.0.104/modules/pending/discord_krisp-1.zip: 53%
8/8/2025, 4:34:58 PM GMT+9 [Modules] Streaming discord_krisp@1 to /home/momofu/.config/discord/0.0.104/modules/pending/discord_krisp-1.zip: 54%
8/8/2025, 4:34:58 PM GMT+9 [Modules] Streaming discord_krisp@1 to /home/momofu/.config/discord/0.0.104/modules/pending/discord_krisp-1.zip: 55%
8/8/2025, 4:34:58 PM GMT+9 [Modules] Streaming discord_krisp@1 to /home/momofu/.config/discord/0.0.104/modules/pending/discord_krisp-1.zip: 56%
8/8/2025, 4:34:58 PM GMT+9 [Modules] Streaming discord_krisp@1 to /home/momofu/.config/discord/0.0.104/modules/pending/discord_krisp-1.zip: 57%
8/8/2025, 4:34:58 PM GMT+9 [Modules] Streaming discord_krisp@1 to /home/momofu/.config/discord/0.0.104/modules/pending/discord_krisp-1.zip: 58%
8/8/2025, 4:34:59 PM GMT+9 [Modules] Streaming discord_krisp@1 to /home/momofu/.config/discord/0.0.104/modules/pending/discord_krisp-1.zip: 59%
8/8/2025, 4:34:59 PM GMT+9 [Modules] Streaming discord_krisp@1 to /home/momofu/.config/discord/0.0.104/modules/pending/discord_krisp-1.zip: 60%
8/8/2025, 4:34:59 PM GMT+9 [Modules] Streaming discord_krisp@1 to /home/momofu/.config/discord/0.0.104/modules/pending/discord_krisp-1.zip: 61%
8/8/2025, 4:34:59 PM GMT+9 [Modules] Streaming discord_krisp@1 to /home/momofu/.config/discord/0.0.104/modules/pending/discord_krisp-1.zip: 62%
8/8/2025, 4:34:59 PM GMT+9 [Modules] Streaming discord_krisp@1 to /home/momofu/.config/discord/0.0.104/modules/pending/discord_krisp-1.zip: 63%
8/8/2025, 4:34:59 PM GMT+9 [Modules] Streaming discord_krisp@1 to /home/momofu/.config/discord/0.0.104/modules/pending/discord_krisp-1.zip: 64%
8/8/2025, 4:35:00 PM GMT+9 [Modules] Streaming discord_krisp@1 to /home/momofu/.config/discord/0.0.104/modules/pending/discord_krisp-1.zip: 65%
8/8/2025, 4:35:00 PM GMT+9 [Modules] Streaming discord_krisp@1 to /home/momofu/.config/discord/0.0.104/modules/pending/discord_krisp-1.zip: 66%
8/8/2025, 4:35:00 PM GMT+9 [Modules] Streaming discord_krisp@1 to /home/momofu/.config/discord/0.0.104/modules/pending/discord_krisp-1.zip: 67%
8/8/2025, 4:35:00 PM GMT+9 [Modules] Streaming discord_krisp@1 to /home/momofu/.config/discord/0.0.104/modules/pending/discord_krisp-1.zip: 68%
8/8/2025, 4:35:00 PM GMT+9 [Modules] Streaming discord_krisp@1 to /home/momofu/.config/discord/0.0.104/modules/pending/discord_krisp-1.zip: 69%
8/8/2025, 4:35:00 PM GMT+9 [Modules] Streaming discord_krisp@1 to /home/momofu/.config/discord/0.0.104/modules/pending/discord_krisp-1.zip: 70%
8/8/2025, 4:35:00 PM GMT+9 [Modules] Streaming discord_krisp@1 to /home/momofu/.config/discord/0.0.104/modules/pending/discord_krisp-1.zip: 71%
8/8/2025, 4:35:00 PM GMT+9 [Modules] Streaming discord_krisp@1 to /home/momofu/.config/discord/0.0.104/modules/pending/discord_krisp-1.zip: 72%
8/8/2025, 4:35:01 PM GMT+9 [Modules] Streaming discord_krisp@1 to /home/momofu/.config/discord/0.0.104/modules/pending/discord_krisp-1.zip: 73%
8/8/2025, 4:35:01 PM GMT+9 [Modules] Streaming discord_krisp@1 to /home/momofu/.config/discord/0.0.104/modules/pending/discord_krisp-1.zip: 74%
8/8/2025, 4:35:01 PM GMT+9 [Modules] Streaming discord_krisp@1 to /home/momofu/.config/discord/0.0.104/modules/pending/discord_krisp-1.zip: 75%
8/8/2025, 4:35:01 PM GMT+9 [Modules] Streaming discord_krisp@1 to /home/momofu/.config/discord/0.0.104/modules/pending/discord_krisp-1.zip: 76%
8/8/2025, 4:35:01 PM GMT+9 [Modules] Streaming discord_krisp@1 to /home/momofu/.config/discord/0.0.104/modules/pending/discord_krisp-1.zip: 77%
8/8/2025, 4:35:01 PM GMT+9 [Modules] Streaming discord_krisp@1 to /home/momofu/.config/discord/0.0.104/modules/pending/discord_krisp-1.zip: 78%
8/8/2025, 4:35:02 PM GMT+9 [Modules] Streaming discord_krisp@1 to /home/momofu/.config/discord/0.0.104/modules/pending/discord_krisp-1.zip: 79%
8/8/2025, 4:35:02 PM GMT+9 [Modules] Streaming discord_krisp@1 to /home/momofu/.config/discord/0.0.104/modules/pending/discord_krisp-1.zip: 80%
8/8/2025, 4:35:02 PM GMT+9 [Modules] Streaming discord_krisp@1 to /home/momofu/.config/discord/0.0.104/modules/pending/discord_krisp-1.zip: 81%
8/8/2025, 4:35:02 PM GMT+9 [Modules] Streaming discord_krisp@1 to /home/momofu/.config/discord/0.0.104/modules/pending/discord_krisp-1.zip: 82%
8/8/2025, 4:35:02 PM GMT+9 [Modules] Streaming discord_krisp@1 to /home/momofu/.config/discord/0.0.104/modules/pending/discord_krisp-1.zip: 83%
8/8/2025, 4:35:02 PM GMT+9 [Modules] Streaming discord_krisp@1 to /home/momofu/.config/discord/0.0.104/modules/pending/discord_krisp-1.zip: 84%
8/8/2025, 4:35:02 PM GMT+9 [Modules] Streaming discord_krisp@1 to /home/momofu/.config/discord/0.0.104/modules/pending/discord_krisp-1.zip: 85%
8/8/2025, 4:35:02 PM GMT+9 [Modules] Streaming discord_krisp@1 to /home/momofu/.config/discord/0.0.104/modules/pending/discord_krisp-1.zip: 86%
8/8/2025, 4:35:02 PM GMT+9 [Modules] Streaming discord_krisp@1 to /home/momofu/.config/discord/0.0.104/modules/pending/discord_krisp-1.zip: 87%
8/8/2025, 4:35:03 PM GMT+9 [Modules] Streaming discord_krisp@1 to /home/momofu/.config/discord/0.0.104/modules/pending/discord_krisp-1.zip: 88%
8/8/2025, 4:35:03 PM GMT+9 [Modules] Streaming discord_krisp@1 to /home/momofu/.config/discord/0.0.104/modules/pending/discord_krisp-1.zip: 89%
8/8/2025, 4:35:03 PM GMT+9 [Modules] Streaming discord_krisp@1 to /home/momofu/.config/discord/0.0.104/modules/pending/discord_krisp-1.zip: 90%
8/8/2025, 4:35:03 PM GMT+9 [Modules] Streaming discord_krisp@1 to /home/momofu/.config/discord/0.0.104/modules/pending/discord_krisp-1.zip: 91%
8/8/2025, 4:35:03 PM GMT+9 [Modules] Streaming discord_krisp@1 to /home/momofu/.config/discord/0.0.104/modules/pending/discord_krisp-1.zip: 92%
8/8/2025, 4:35:03 PM GMT+9 [Modules] Streaming discord_krisp@1 to /home/momofu/.config/discord/0.0.104/modules/pending/discord_krisp-1.zip: 93%
8/8/2025, 4:35:03 PM GMT+9 [Modules] Streaming discord_krisp@1 to /home/momofu/.config/discord/0.0.104/modules/pending/discord_krisp-1.zip: 94%
8/8/2025, 4:35:03 PM GMT+9 [Modules] Streaming discord_krisp@1 to /home/momofu/.config/discord/0.0.104/modules/pending/discord_krisp-1.zip: 95%
8/8/2025, 4:35:04 PM GMT+9 [Modules] Streaming discord_krisp@1 to /home/momofu/.config/discord/0.0.104/modules/pending/discord_krisp-1.zip: 96%
8/8/2025, 4:35:04 PM GMT+9 [Modules] Streaming discord_krisp@1 to /home/momofu/.config/discord/0.0.104/modules/pending/discord_krisp-1.zip: 97%
8/8/2025, 4:35:04 PM GMT+9 [Modules] Streaming discord_krisp@1 to /home/momofu/.config/discord/0.0.104/modules/pending/discord_krisp-1.zip: 98%
8/8/2025, 4:35:04 PM GMT+9 [Modules] Streaming discord_krisp@1 to /home/momofu/.config/discord/0.0.104/modules/pending/discord_krisp-1.zip: 99%
8/8/2025, 4:35:04 PM GMT+9 [Modules] Streaming discord_krisp@1 to /home/momofu/.config/discord/0.0.104/modules/pending/discord_krisp-1.zip: 100%
8/8/2025, 4:35:04 PM GMT+9 [Modules] Fetching discord_game_utils@1 from https://discord.com/api/modules/stable/discord_game_utils/1
8/8/2025, 4:35:04 PM GMT+9 [Modules] Streaming discord_game_utils@1 to /home/momofu/.config/discord/0.0.104/modules/pending/discord_game_utils-1.zip
8/8/2025, 4:35:04 PM GMT+9 [Modules] Installing discord_krisp@1 from /home/momofu/.config/discord/0.0.104/modules/pending/discord_krisp-1.zip
8/8/2025, 4:35:04 PM GMT+9 [Modules] Streaming discord_game_utils@1 to /home/momofu/.config/discord/0.0.104/modules/pending/discord_game_utils-1.zip: 1%
8/8/2025, 4:35:04 PM GMT+9 [Modules] Streaming discord_game_utils@1 to /home/momofu/.config/discord/0.0.104/modules/pending/discord_game_utils-1.zip: 2%
8/8/2025, 4:35:05 PM GMT+9 [Modules] Streaming discord_game_utils@1 to /home/momofu/.config/discord/0.0.104/modules/pending/discord_game_utils-1.zip: 3%
8/8/2025, 4:35:05 PM GMT+9 [Modules] Streaming discord_game_utils@1 to /home/momofu/.config/discord/0.0.104/modules/pending/discord_game_utils-1.zip: 4%
8/8/2025, 4:35:05 PM GMT+9 [Modules] Streaming discord_game_utils@1 to /home/momofu/.config/discord/0.0.104/modules/pending/discord_game_utils-1.zip: 5%
8/8/2025, 4:35:05 PM GMT+9 [Modules] Streaming discord_game_utils@1 to /home/momofu/.config/discord/0.0.104/modules/pending/discord_game_utils-1.zip: 6%
8/8/2025, 4:35:05 PM GMT+9 [Modules] Streaming discord_game_utils@1 to /home/momofu/.config/discord/0.0.104/modules/pending/discord_game_utils-1.zip: 7%
8/8/2025, 4:35:05 PM GMT+9 [Modules] Streaming discord_game_utils@1 to /home/momofu/.config/discord/0.0.104/modules/pending/discord_game_utils-1.zip: 8%
8/8/2025, 4:35:05 PM GMT+9 [Modules] Streaming discord_game_utils@1 to /home/momofu/.config/discord/0.0.104/modules/pending/discord_game_utils-1.zip: 9%
8/8/2025, 4:35:05 PM GMT+9 [Modules] Streaming discord_game_utils@1 to /home/momofu/.config/discord/0.0.104/modules/pending/discord_game_utils-1.zip: 10%
8/8/2025, 4:35:05 PM GMT+9 [Modules] Finished module installations. [success: 1] [failure: 0]
8/8/2025, 4:35:05 PM GMT+9 [Modules] Streaming discord_game_utils@1 to /home/momofu/.config/discord/0.0.104/modules/pending/discord_game_utils-1.zip: 11%
8/8/2025, 4:35:05 PM GMT+9 [Modules] Streaming discord_game_utils@1 to /home/momofu/.config/discord/0.0.104/modules/pending/discord_game_utils-1.zip: 12%
8/8/2025, 4:35:05 PM GMT+9 [Modules] Streaming discord_game_utils@1 to /home/momofu/.config/discord/0.0.104/modules/pending/discord_game_utils-1.zip: 13%
8/8/2025, 4:35:05 PM GMT+9 [Modules] Streaming discord_game_utils@1 to /home/momofu/.config/discord/0.0.104/modules/pending/discord_game_utils-1.zip: 14%
8/8/2025, 4:35:05 PM GMT+9 [Modules] Streaming discord_game_utils@1 to /home/momofu/.config/discord/0.0.104/modules/pending/discord_game_utils-1.zip: 15%
8/8/2025, 4:35:05 PM GMT+9 [Modules] Streaming discord_game_utils@1 to /home/momofu/.config/discord/0.0.104/modules/pending/discord_game_utils-1.zip: 16%
8/8/2025, 4:35:05 PM GMT+9 [Modules] Streaming discord_game_utils@1 to /home/momofu/.config/discord/0.0.104/modules/pending/discord_game_utils-1.zip: 17%
8/8/2025, 4:35:05 PM GMT+9 [Modules] Streaming discord_game_utils@1 to /home/momofu/.config/discord/0.0.104/modules/pending/discord_game_utils-1.zip: 18%
8/8/2025, 4:35:05 PM GMT+9 [Modules] Streaming discord_game_utils@1 to /home/momofu/.config/discord/0.0.104/modules/pending/discord_game_utils-1.zip: 19%
8/8/2025, 4:35:05 PM GMT+9 [Modules] Streaming discord_game_utils@1 to /home/momofu/.config/discord/0.0.104/modules/pending/discord_game_utils-1.zip: 20%
8/8/2025, 4:35:05 PM GMT+9 [Modules] Streaming discord_game_utils@1 to /home/momofu/.config/discord/0.0.104/modules/pending/discord_game_utils-1.zip: 21%
8/8/2025, 4:35:05 PM GMT+9 [Modules] Streaming discord_game_utils@1 to /home/momofu/.config/discord/0.0.104/modules/pending/discord_game_utils-1.zip: 22%
8/8/2025, 4:35:05 PM GMT+9 [Modules] Streaming discord_game_utils@1 to /home/momofu/.config/discord/0.0.104/modules/pending/discord_game_utils-1.zip: 23%
8/8/2025, 4:35:05 PM GMT+9 [Modules] Streaming discord_game_utils@1 to /home/momofu/.config/discord/0.0.104/modules/pending/discord_game_utils-1.zip: 24%
8/8/2025, 4:35:05 PM GMT+9 [Modules] Streaming discord_game_utils@1 to /home/momofu/.config/discord/0.0.104/modules/pending/discord_game_utils-1.zip: 25%
8/8/2025, 4:35:05 PM GMT+9 [Modules] Streaming discord_game_utils@1 to /home/momofu/.config/discord/0.0.104/modules/pending/discord_game_utils-1.zip: 26%
8/8/2025, 4:35:05 PM GMT+9 [Modules] Streaming discord_game_utils@1 to /home/momofu/.config/discord/0.0.104/modules/pending/discord_game_utils-1.zip: 27%
8/8/2025, 4:35:05 PM GMT+9 [Modules] Streaming discord_game_utils@1 to /home/momofu/.config/discord/0.0.104/modules/pending/discord_game_utils-1.zip: 28%
8/8/2025, 4:35:05 PM GMT+9 [Modules] Streaming discord_game_utils@1 to /home/momofu/.config/discord/0.0.104/modules/pending/discord_game_utils-1.zip: 29%
8/8/2025, 4:35:05 PM GMT+9 [Modules] Streaming discord_game_utils@1 to /home/momofu/.config/discord/0.0.104/modules/pending/discord_game_utils-1.zip: 30%
8/8/2025, 4:35:05 PM GMT+9 [Modules] Streaming discord_game_utils@1 to /home/momofu/.config/discord/0.0.104/modules/pending/discord_game_utils-1.zip: 31%
8/8/2025, 4:35:05 PM GMT+9 [Modules] Streaming discord_game_utils@1 to /home/momofu/.config/discord/0.0.104/modules/pending/discord_game_utils-1.zip: 32%
8/8/2025, 4:35:05 PM GMT+9 [Modules] Streaming discord_game_utils@1 to /home/momofu/.config/discord/0.0.104/modules/pending/discord_game_utils-1.zip: 33%
8/8/2025, 4:35:05 PM GMT+9 [Modules] Streaming discord_game_utils@1 to /home/momofu/.config/discord/0.0.104/modules/pending/discord_game_utils-1.zip: 34%
8/8/2025, 4:35:05 PM GMT+9 [Modules] Streaming discord_game_utils@1 to /home/momofu/.config/discord/0.0.104/modules/pending/discord_game_utils-1.zip: 35%
8/8/2025, 4:35:05 PM GMT+9 [Modules] Streaming discord_game_utils@1 to /home/momofu/.config/discord/0.0.104/modules/pending/discord_game_utils-1.zip: 36%
8/8/2025, 4:35:05 PM GMT+9 [Modules] Streaming discord_game_utils@1 to /home/momofu/.config/discord/0.0.104/modules/pending/discord_game_utils-1.zip: 37%
8/8/2025, 4:35:05 PM GMT+9 [Modules] Streaming discord_game_utils@1 to /home/momofu/.config/discord/0.0.104/modules/pending/discord_game_utils-1.zip: 38%
8/8/2025, 4:35:05 PM GMT+9 [Modules] Streaming discord_game_utils@1 to /home/momofu/.config/discord/0.0.104/modules/pending/discord_game_utils-1.zip: 39%
8/8/2025, 4:35:05 PM GMT+9 [Modules] Streaming discord_game_utils@1 to /home/momofu/.config/discord/0.0.104/modules/pending/discord_game_utils-1.zip: 40%
8/8/2025, 4:35:05 PM GMT+9 [Modules] Streaming discord_game_utils@1 to /home/momofu/.config/discord/0.0.104/modules/pending/discord_game_utils-1.zip: 41%
8/8/2025, 4:35:05 PM GMT+9 [Modules] Streaming discord_game_utils@1 to /home/momofu/.config/discord/0.0.104/modules/pending/discord_game_utils-1.zip: 42%
8/8/2025, 4:35:05 PM GMT+9 [Modules] Streaming discord_game_utils@1 to /home/momofu/.config/discord/0.0.104/modules/pending/discord_game_utils-1.zip: 43%
8/8/2025, 4:35:05 PM GMT+9 [Modules] Streaming discord_game_utils@1 to /home/momofu/.config/discord/0.0.104/modules/pending/discord_game_utils-1.zip: 44%
8/8/2025, 4:35:05 PM GMT+9 [Modules] Streaming discord_game_utils@1 to /home/momofu/.config/discord/0.0.104/modules/pending/discord_game_utils-1.zip: 45%
8/8/2025, 4:35:05 PM GMT+9 [Modules] Streaming discord_game_utils@1 to /home/momofu/.config/discord/0.0.104/modules/pending/discord_game_utils-1.zip: 46%
8/8/2025, 4:35:05 PM GMT+9 [Modules] Streaming discord_game_utils@1 to /home/momofu/.config/discord/0.0.104/modules/pending/discord_game_utils-1.zip: 47%
8/8/2025, 4:35:05 PM GMT+9 [Modules] Streaming discord_game_utils@1 to /home/momofu/.config/discord/0.0.104/modules/pending/discord_game_utils-1.zip: 48%
8/8/2025, 4:35:05 PM GMT+9 [Modules] Streaming discord_game_utils@1 to /home/momofu/.config/discord/0.0.104/modules/pending/discord_game_utils-1.zip: 49%
8/8/2025, 4:35:05 PM GMT+9 [Modules] Streaming discord_game_utils@1 to /home/momofu/.config/discord/0.0.104/modules/pending/discord_game_utils-1.zip: 50%
8/8/2025, 4:35:05 PM GMT+9 [Modules] Streaming discord_game_utils@1 to /home/momofu/.config/discord/0.0.104/modules/pending/discord_game_utils-1.zip: 51%
8/8/2025, 4:35:05 PM GMT+9 [Modules] Streaming discord_game_utils@1 to /home/momofu/.config/discord/0.0.104/modules/pending/discord_game_utils-1.zip: 52%
8/8/2025, 4:35:05 PM GMT+9 [Modules] Streaming discord_game_utils@1 to /home/momofu/.config/discord/0.0.104/modules/pending/discord_game_utils-1.zip: 53%
8/8/2025, 4:35:05 PM GMT+9 [Modules] Streaming discord_game_utils@1 to /home/momofu/.config/discord/0.0.104/modules/pending/discord_game_utils-1.zip: 54%
8/8/2025, 4:35:05 PM GMT+9 [Modules] Streaming discord_game_utils@1 to /home/momofu/.config/discord/0.0.104/modules/pending/discord_game_utils-1.zip: 55%
8/8/2025, 4:35:05 PM GMT+9 [Modules] Streaming discord_game_utils@1 to /home/momofu/.config/discord/0.0.104/modules/pending/discord_game_utils-1.zip: 56%
8/8/2025, 4:35:05 PM GMT+9 [Modules] Streaming discord_game_utils@1 to /home/momofu/.config/discord/0.0.104/modules/pending/discord_game_utils-1.zip: 57%
8/8/2025, 4:35:05 PM GMT+9 [Modules] Streaming discord_game_utils@1 to /home/momofu/.config/discord/0.0.104/modules/pending/discord_game_utils-1.zip: 58%
8/8/2025, 4:35:05 PM GMT+9 [Modules] Streaming discord_game_utils@1 to /home/momofu/.config/discord/0.0.104/modules/pending/discord_game_utils-1.zip: 59%
8/8/2025, 4:35:05 PM GMT+9 [Modules] Streaming discord_game_utils@1 to /home/momofu/.config/discord/0.0.104/modules/pending/discord_game_utils-1.zip: 60%
8/8/2025, 4:35:05 PM GMT+9 [Modules] Streaming discord_game_utils@1 to /home/momofu/.config/discord/0.0.104/modules/pending/discord_game_utils-1.zip: 61%
8/8/2025, 4:35:05 PM GMT+9 [Modules] Streaming discord_game_utils@1 to /home/momofu/.config/discord/0.0.104/modules/pending/discord_game_utils-1.zip: 62%
8/8/2025, 4:35:05 PM GMT+9 [Modules] Streaming discord_game_utils@1 to /home/momofu/.config/discord/0.0.104/modules/pending/discord_game_utils-1.zip: 63%
8/8/2025, 4:35:05 PM GMT+9 [Modules] Streaming discord_game_utils@1 to /home/momofu/.config/discord/0.0.104/modules/pending/discord_game_utils-1.zip: 64%
8/8/2025, 4:35:05 PM GMT+9 [Modules] Streaming discord_game_utils@1 to /home/momofu/.config/discord/0.0.104/modules/pending/discord_game_utils-1.zip: 65%
8/8/2025, 4:35:05 PM GMT+9 [Modules] Streaming discord_game_utils@1 to /home/momofu/.config/discord/0.0.104/modules/pending/discord_game_utils-1.zip: 66%
8/8/2025, 4:35:05 PM GMT+9 [Modules] Streaming discord_game_utils@1 to /home/momofu/.config/discord/0.0.104/modules/pending/discord_game_utils-1.zip: 67%
8/8/2025, 4:35:05 PM GMT+9 [Modules] Streaming discord_game_utils@1 to /home/momofu/.config/discord/0.0.104/modules/pending/discord_game_utils-1.zip: 68%
8/8/2025, 4:35:05 PM GMT+9 [Modules] Streaming discord_game_utils@1 to /home/momofu/.config/discord/0.0.104/modules/pending/discord_game_utils-1.zip: 69%
8/8/2025, 4:35:05 PM GMT+9 [Modules] Streaming discord_game_utils@1 to /home/momofu/.config/discord/0.0.104/modules/pending/discord_game_utils-1.zip: 70%
8/8/2025, 4:35:05 PM GMT+9 [Modules] Streaming discord_game_utils@1 to /home/momofu/.config/discord/0.0.104/modules/pending/discord_game_utils-1.zip: 71%
8/8/2025, 4:35:05 PM GMT+9 [Modules] Streaming discord_game_utils@1 to /home/momofu/.config/discord/0.0.104/modules/pending/discord_game_utils-1.zip: 72%
8/8/2025, 4:35:05 PM GMT+9 [Modules] Streaming discord_game_utils@1 to /home/momofu/.config/discord/0.0.104/modules/pending/discord_game_utils-1.zip: 73%
8/8/2025, 4:35:05 PM GMT+9 [Modules] Streaming discord_game_utils@1 to /home/momofu/.config/discord/0.0.104/modules/pending/discord_game_utils-1.zip: 74%
8/8/2025, 4:35:05 PM GMT+9 [Modules] Streaming discord_game_utils@1 to /home/momofu/.config/discord/0.0.104/modules/pending/discord_game_utils-1.zip: 75%
8/8/2025, 4:35:05 PM GMT+9 [Modules] Streaming discord_game_utils@1 to /home/momofu/.config/discord/0.0.104/modules/pending/discord_game_utils-1.zip: 76%
8/8/2025, 4:35:05 PM GMT+9 [Modules] Streaming discord_game_utils@1 to /home/momofu/.config/discord/0.0.104/modules/pending/discord_game_utils-1.zip: 77%
8/8/2025, 4:35:05 PM GMT+9 [Modules] Streaming discord_game_utils@1 to /home/momofu/.config/discord/0.0.104/modules/pending/discord_game_utils-1.zip: 78%
8/8/2025, 4:35:05 PM GMT+9 [Modules] Streaming discord_game_utils@1 to /home/momofu/.config/discord/0.0.104/modules/pending/discord_game_utils-1.zip: 79%
8/8/2025, 4:35:05 PM GMT+9 [Modules] Streaming discord_game_utils@1 to /home/momofu/.config/discord/0.0.104/modules/pending/discord_game_utils-1.zip: 80%
8/8/2025, 4:35:05 PM GMT+9 [Modules] Streaming discord_game_utils@1 to /home/momofu/.config/discord/0.0.104/modules/pending/discord_game_utils-1.zip: 81%
8/8/2025, 4:35:05 PM GMT+9 [Modules] Streaming discord_game_utils@1 to /home/momofu/.config/discord/0.0.104/modules/pending/discord_game_utils-1.zip: 82%
8/8/2025, 4:35:05 PM GMT+9 [Modules] Streaming discord_game_utils@1 to /home/momofu/.config/discord/0.0.104/modules/pending/discord_game_utils-1.zip: 83%
8/8/2025, 4:35:05 PM GMT+9 [Modules] Streaming discord_game_utils@1 to /home/momofu/.config/discord/0.0.104/modules/pending/discord_game_utils-1.zip: 84%
8/8/2025, 4:35:05 PM GMT+9 [Modules] Streaming discord_game_utils@1 to /home/momofu/.config/discord/0.0.104/modules/pending/discord_game_utils-1.zip: 85%
8/8/2025, 4:35:05 PM GMT+9 [Modules] Streaming discord_game_utils@1 to /home/momofu/.config/discord/0.0.104/modules/pending/discord_game_utils-1.zip: 86%
8/8/2025, 4:35:05 PM GMT+9 [Modules] Streaming discord_game_utils@1 to /home/momofu/.config/discord/0.0.104/modules/pending/discord_game_utils-1.zip: 87%
8/8/2025, 4:35:06 PM GMT+9 [Modules] Streaming discord_game_utils@1 to /home/momofu/.config/discord/0.0.104/modules/pending/discord_game_utils-1.zip: 88%
8/8/2025, 4:35:06 PM GMT+9 [Modules] Streaming discord_game_utils@1 to /home/momofu/.config/discord/0.0.104/modules/pending/discord_game_utils-1.zip: 89%
8/8/2025, 4:35:06 PM GMT+9 [Modules] Streaming discord_game_utils@1 to /home/momofu/.config/discord/0.0.104/modules/pending/discord_game_utils-1.zip: 90%
8/8/2025, 4:35:06 PM GMT+9 [Modules] Streaming discord_game_utils@1 to /home/momofu/.config/discord/0.0.104/modules/pending/discord_game_utils-1.zip: 91%
8/8/2025, 4:35:06 PM GMT+9 [Modules] Streaming discord_game_utils@1 to /home/momofu/.config/discord/0.0.104/modules/pending/discord_game_utils-1.zip: 92%
8/8/2025, 4:35:06 PM GMT+9 [Modules] Streaming discord_game_utils@1 to /home/momofu/.config/discord/0.0.104/modules/pending/discord_game_utils-1.zip: 93%
8/8/2025, 4:35:06 PM GMT+9 [Modules] Streaming discord_game_utils@1 to /home/momofu/.config/discord/0.0.104/modules/pending/discord_game_utils-1.zip: 94%
8/8/2025, 4:35:06 PM GMT+9 [Modules] Streaming discord_game_utils@1 to /home/momofu/.config/discord/0.0.104/modules/pending/discord_game_utils-1.zip: 95%
8/8/2025, 4:35:06 PM GMT+9 [Modules] Streaming discord_game_utils@1 to /home/momofu/.config/discord/0.0.104/modules/pending/discord_game_utils-1.zip: 96%
8/8/2025, 4:35:06 PM GMT+9 [Modules] Streaming discord_game_utils@1 to /home/momofu/.config/discord/0.0.104/modules/pending/discord_game_utils-1.zip: 97%
8/8/2025, 4:35:06 PM GMT+9 [Modules] Streaming discord_game_utils@1 to /home/momofu/.config/discord/0.0.104/modules/pending/discord_game_utils-1.zip: 98%
8/8/2025, 4:35:06 PM GMT+9 [Modules] Streaming discord_game_utils@1 to /home/momofu/.config/discord/0.0.104/modules/pending/discord_game_utils-1.zip: 99%
8/8/2025, 4:35:06 PM GMT+9 [Modules] Streaming discord_game_utils@1 to /home/momofu/.config/discord/0.0.104/modules/pending/discord_game_utils-1.zip: 100%
8/8/2025, 4:35:06 PM GMT+9 [Modules] Fetching discord_rpc@1 from https://discord.com/api/modules/stable/discord_rpc/1
8/8/2025, 4:35:06 PM GMT+9 [Modules] Streaming discord_rpc@1 to /home/momofu/.config/discord/0.0.104/modules/pending/discord_rpc-1.zip
8/8/2025, 4:35:06 PM GMT+9 [Modules] Installing discord_game_utils@1 from /home/momofu/.config/discord/0.0.104/modules/pending/discord_game_utils-1.zip
8/8/2025, 4:35:06 PM GMT+9 [Modules] Finished module installations. [success: 1] [failure: 0]
8/8/2025, 4:35:06 PM GMT+9 [Modules] Streaming discord_rpc@1 to /home/momofu/.config/discord/0.0.104/modules/pending/discord_rpc-1.zip: 67%
8/8/2025, 4:35:06 PM GMT+9 [Modules] Streaming discord_rpc@1 to /home/momofu/.config/discord/0.0.104/modules/pending/discord_rpc-1.zip: 91%
8/8/2025, 4:35:06 PM GMT+9 [Modules] Streaming discord_rpc@1 to /home/momofu/.config/discord/0.0.104/modules/pending/discord_rpc-1.zip: 100%
8/8/2025, 4:35:06 PM GMT+9 [Modules] Finished module downloads. [success: 3] [failure: 0]
8/8/2025, 4:35:06 PM GMT+9 [Modules] Installing discord_rpc@1 from /home/momofu/.config/discord/0.0.104/modules/pending/discord_rpc-1.zip
8/8/2025, 4:35:06 PM GMT+9 [Modules] Finished module installations. [success: 1] [failure: 0]
8/8/2025, 4:35:40 PM GMT+9 [Modules] Checking for host updates.
8/8/2025, 4:35:40 PM GMT+9 [Modules] Host is up to date.
8/8/2025, 4:35:40 PM GMT+9 [Modules] Checking for module updates at https://discord.com/api/modules/stable/versions.json
8/8/2025, 4:35:40 PM GMT+9 [Modules] No module updates available.
8/8/2025, 5:35:41 PM GMT+9 [Modules] Checking for host updates.
8/8/2025, 5:35:41 PM GMT+9 [Modules] Host is up to date.
8/8/2025, 5:35:41 PM GMT+9 [Modules] Checking for module updates at https://discord.com/api/modules/stable/versions.json
8/8/2025, 5:35:41 PM GMT+9 [Modules] No module updates available.
8/8/2025, 6:35:41 PM GMT+9 [Modules] Checking for host updates.
8/8/2025, 6:35:41 PM GMT+9 [Modules] Host is up to date.
8/8/2025, 6:35:41 PM GMT+9 [Modules] Checking for module updates at https://discord.com/api/modules/stable/versions.json
8/8/2025, 6:35:41 PM GMT+9 [Modules] No module updates available.
8/8/2025, 8:17:08 PM GMT+9 [Modules] Modules initializing
8/8/2025, 8:17:08 PM GMT+9 [Modules] Distribution: remote
8/8/2025, 8:17:08 PM GMT+9 [Modules] Host updates: enabled
8/8/2025, 8:17:08 PM GMT+9 [Modules] Module updates: enabled
8/8/2025, 8:17:08 PM GMT+9 [Modules] Module install path: /home/momofu/.config/discord/0.0.104/modules
8/8/2025, 8:17:08 PM GMT+9 [Modules] Module installed file path: /home/momofu/.config/discord/0.0.104/modules/installed.json
8/8/2025, 8:17:08 PM GMT+9 [Modules] Module download path: /home/momofu/.config/discord/0.0.104/modules/pending
8/8/2025, 8:17:09 PM GMT+9 [Modules] No updates to install
8/8/2025, 8:17:09 PM GMT+9 [Modules] Checking for host updates.
8/8/2025, 8:17:09 PM GMT+9 [Modules] Host is up to date.
8/8/2025, 8:17:09 PM GMT+9 [Modules] Checking for module updates at https://discord.com/api/modules/stable/versions.json
8/8/2025, 8:17:09 PM GMT+9 [Modules] No module updates available.
8/8/2025, 8:17:16 PM GMT+9 [Modules] Checking for host updates.
8/8/2025, 8:17:16 PM GMT+9 [Modules] Host is up to date.
8/8/2025, 8:17:16 PM GMT+9 [Modules] Checking for module updates at https://discord.com/api/modules/stable/versions.json
8/8/2025, 8:17:16 PM GMT+9 [Modules] No module updates available.
